layer_from_vacuum,layer_name,material,thickness_nm
1,Ru,Ru,1.5
2,Si_01,Si,4.15
3,Mo_01,Mo,2.8
4,Si_02,Si,4.15
5,Mo_02,Mo,2.8
6,Si_03,Si,4.15
7,Mo_03,Mo,2.8
8,Si_04,Si,4.15
9,Mo_04,Mo,2.8
10,Si_05,Si,4.15
11,Mo_05,Mo,2.8
12,Si_06,Si,4.15
13,Mo_06,Mo,2.8
14,Si_07,Si,4.15
15,Mo_07,Mo,2.8
16,Si_08,Si,4.15
17,Mo_08,Mo,2.8
18,Si_09,Si,4.15
19,Mo_09,Mo,2.8
20,Si_10,Si,4.15
21,Mo_10,Mo,2.8
22,Si_11,Si,4.15
23,Mo_11,Mo,2.8
24,Si_12,Si,4.15
25,Mo_12,Mo,2.8
26,Si_13,Si,4.15
27,Mo_13,Mo,2.8
28,Si_14,Si,4.15
29,Mo_14,Mo,2.8
30,Si_15,Si,4.15
31,Mo_15,Mo,2.8
32,Si_16,Si,4.15
33,Mo_16,Mo,2.8
34,Si_17,Si,4.15
35,Mo_17,Mo,2.8
36,Si_18,Si,4.15
37,Mo_18,Mo,2.8
38,Si_19,Si,4.15
39,Mo_19,Mo,2.8
40,Si_20,Si,4.15
41,Mo_20,Mo,2.8
42,Si_21,Si,4.15
43,Mo_21,Mo,2.8
44,Si_22,Si,4.15
45,Mo_22,Mo,2.8
46,Si_23,Si,4.15
47,Mo_23,Mo,2.8
48,Si_24,Si,4.15
49,Mo_24,Mo,2.8
50,Si_25,Si,4.15
51,Mo_25,Mo,2.8
52,Si_26,Si,4.15
53,Mo_26,Mo,2.8
54,Si_27,Si,4.15
55,Mo_27,Mo,2.8
56,Si_28,Si,4.15
57,Mo_28,Mo,2.8
58,Si_29,Si,4.15
59,Mo_29,Mo,2.8
60,Si_30,Si,4.15
61,Mo_30,Mo,2.8
62,Si_31,Si,4.15
63,Mo_31,Mo,2.8
64,Si_32,Si,4.15
65,Mo_32,Mo,2.8
66,Si_33,Si,4.15
67,Mo_33,Mo,2.8
68,Si_34,Si,4.15
69,Mo_34,Mo,2.8
70,Si_35,Si,4.15
71,Mo_35,Mo,2.8
72,Si_36,Si,4.15
73,Mo_36,Mo,2.8
74,Si_37,Si,4.15
75,Mo_37,Mo,2.8
76,Si_38,Si,4.15
77,Mo_38,Mo,2.8
78,Si_39,Si,4.15
79,Mo_39,Mo,2.8
80,Si_40,Si,4.15
81,Mo_40,Mo,2.8
