normalized_pupil,M1_local_AOI_deg,M1_reflectivity_fraction,after_M1_cumulative_fraction,M2_local_AOI_deg,M2_reflectivity_fraction,after_M2_cumulative_fraction,M3_local_AOI_deg,M3_reflectivity_fraction,after_M3_cumulative_fraction,M4_local_AOI_deg,M4_reflectivity_fraction,after_M4_cumulative_fraction,M5_local_AOI_deg,M5_reflectivity_fraction,after_M5_cumulative_fraction
-1.0,9.34,0.6840270630274758,0.6840270630274758,5.72,0.7297554885502981,0.4991725035612412,3.2800000000000002,0.7294402234223119,0.36411650252398653,12.52,0.29335497816706907,0.10681538864819362,5.76,0.7296825525922102,0.07794132544494291
-0.9933333333333333,9.353333333333333,0.6835575331359489,0.6835575331359489,5.733333333333333,0.7297316318658204,0.4988135541294706,3.293333333333334,0.7294550386579561,0.36386206041062547,12.54,0.28837547069883934,0.10492889294036363,5.773333333333333,0.7296573225307135,0.0765621350789776
-0.9866666666666667,9.366666666666667,0.6830836990464585,0.6830836990464585,5.746666666666666,0.7297073211210503,0.49845117613264894,3.3066666666666666,0.729469812477263,0.3636050859825546,12.559999999999999,0.28338778963437034,0.10304124161641132,5.786666666666666,0.7296316271629367,0.0751821487854715
-0.98,9.379999999999999,0.6826055196929184,0.6826055196929184,5.76,0.7296825525922102,0.4980853380230609,3.3200000000000003,0.729484543573983,0.3633455554686456,12.58,0.2783940154807911,0.10115322819401477,5.8,0.7296054626900166,0.07380194785908298
-0.9733333333333334,9.393333333333333,0.682122953567587,0.682122953567587,5.773333333333333,0.7296573225307135,0.4977160079368677,3.3333333333333335,0.729499230634777,0.3630834448645575,12.6,0.27339628870644284,0.09926566631672039,5.813333333333333,0.7295788252875977,0.0724221282227435
-0.9666666666666667,9.406666666666666,0.6816359587162252,0.6816359587162252,5.786666666666666,0.7296316271629367,0.4973431536908877,3.3466666666666667,0.7295138723391905,0.3628187299304247,12.62,0.26839680830990104,0.09737938910837794,5.826666666666666,0.7295517111056314,0.07104329995043822
-0.96,9.42,0.6811444927332232,0.6811444927332232,5.8,0.7296054626900166,0.49696674277937997,3.3600000000000003,0.7295284673596205,0.3625513861885438,12.64,0.26339783020466156,0.09549524845975475,5.84,0.7295241162681179,0.06966608674040693
-0.9533333333333334,9.433333333333334,0.6806485127567207,0.6806485127567207,5.813333333333333,0.7295788252875977,0.4965867423707987,3.3733333333333335,0.7295430143612851,0.3622813889210434,12.66,0.2584016654177471,0.09361411424705217,5.8533333333333335,0.7294960368729018,0.06829112533859161
-0.9466666666666667,9.446666666666667,0.6801479754636341,0.6801479754636341,5.826666666666666,0.7295517111056314,0.4962031193045253,3.3866666666666667,0.7295575120021897,0.3620087131675352,12.68,0.25341067810071183,0.09173687348215118,5.866666666666666,0.729467468991417,0.06691906491221065
-0.94,9.46,0.6796428370646888,0.6796428370646888,5.84,0.7295241162681179,0.49581584008757346,3.4000000000000004,0.7295719589330976,0.3617333337227504,12.7,0.2484272833522859,0.0898644293947087,5.88,0.7294384086684496,0.06555056637357456
-0.9333333333333333,9.473333333333333,0.6791330532994013,0.6791330532994013,5.8533333333333335,0.7294960368729018,0.49542487089130643,3.4133333333333336,0.7295863537974827,0.3614552251341769,12.719999999999999,0.24345394485251853,0.08799770044647057,5.893333333333333,0.7294088519219123,0.06418630165442844
-0.9266666666666666,9.486666666666666,0.678618579431031,0.678618579431031,5.866666666666666,0.729467468991417,0.4950301775481051,3.4266666666666667,0.7296006952315173,0.36117436169967887,12.74,0.2384931723091801,0.08613761927849965,5.906666666666666,0.7293787947425863,0.06282695293134784
-0.92,9.5,0.6780993702414768,0.6780993702414768,5.88,0.7294384086684496,0.49463172554802065,3.4400000000000004,0.7296149818640216,0.36089071746508883,12.76,0.2335475187174394,0.08428513159212797,5.92,0.7293482330938721,0.06147321180280303
-0.9133333333333333,9.513333333333334,0.6775753800261725,0.6775753800261725,5.893333333333333,0.7294088519219123,0.49422948003544387,3.4533333333333336,0.7296292123164316,0.36060426622182046,12.78,0.2286195774350327,0.08244119496490263,5.933333333333334,0.7293171629115648,0.060125778418841966
-0.9066666666666666,9.526666666666667,0.6770465625889135,0.6770465625889135,5.906666666666666,0.7293787947425863,0.4938234058057127,3.466666666666667,0.7296433852027698,0.36031498150444136,12.8,0.22371197907540213,0.08060677760287549,5.946666666666666,0.7292855801035714,0.05878536056439262
-0.9,9.54,0.6765128712366693,0.6765128712366693,5.92,0.7293482330938721,0.4934134673017269,3.4800000000000004,0.729657499129603,0.3600228365882442,12.82,0.21882738822231104,0.07878285703099336,5.96,0.7292534805496814,0.057452672697499846
-0.8933333333333333,9.553333333333333,0.6759742587743762,0.6759742587743762,5.933333333333334,0.7293171629115648,0.492999628610576,3.4933333333333336,0.7296715526960162,0.35972780448683833,12.84,0.21396849996977652,0.07697041872346984,5.973333333333333,0.7292208601012999,0.05612843494388588
-0.8866666666666667,9.566666666666666,0.6754306774996541,0.6754306774996541,5.946666666666666,0.7292855801035714,0.4925818534600835,3.506666666666667,0.7296855444935637,0.3594298579496698,12.86,0.20913803629219002,0.07517045467637475,5.986666666666666,0.7291877145811825,0.05481337204949406
-0.88,9.58,0.6748820791975463,0.6748820791975463,5.96,0.7292534805496814,0.49216010521541637,3.5200000000000005,0.7296994731062458,0.3591289694596038,12.879999999999999,0.20433874224993298,0.07338396192489004,6.0,0.7291540397831822,0.053508212292828795
-0.8733333333333333,9.593333333333334,0.6743284151351879,0.6743284151351879,5.973333333333333,0.7292208601012999,0.49173434687562817,3.5333333333333337,0.7297133371104579,0.35882511123044614,12.899999999999999,0.1995733820364231,0.07161194100785584,6.013333333333334,0.729119831471986,0.052213686359029655
-0.8666666666666667,9.606666666666666,0.6737696360564618,0.6737696360564618,5.986666666666666,0.7291877145811825,0.49130454107020644,3.546666666666667,0.7297271350749673,0.3585182552044834,12.92,0.1948447348733136,0.06985539438256055,6.026666666666666,0.7290850853828315,0.05093052617786053
-0.86,9.62,0.6732056921766364,0.6732056921766364,6.0,0.7291540397831822,0.4908706500556278,3.5600000000000005,0.729740865560864,0.35820837305001785,12.94,0.1901555907610719,0.06811532479288858,6.04,0.7290497972212515,0.049659463727915104
-0.8533333333333333,9.633333333333333,0.6726365331769627,0.6726365331769627,6.013333333333334,0.729119831471986,0.49043263571188794,3.5733333333333337,0.7297545271215304,0.3578954361588946,12.96,0.18550874609258347,0.0663927335940948,6.053333333333333,0.7290139626627896,0.04840122980944596
-0.8466666666666667,9.646666666666667,0.6720621081992435,0.6720621081992435,6.026666666666666,0.7290850853828315,0.48999045953901116,3.586666666666667,0.7297681183026006,0.3575794156440107,12.98,0.18090699913850122,0.06468861903785682,6.066666666666666,0.7289775773527308,0.0471565527885106
-0.84,9.66,0.6714823658403803,0.6714823658403803,6.04,0.7290497972212515,0.4895440826535755,3.6000000000000005,0.7297816376419188,0.3572602823368372,13.0,0.17635314541288483,0.06300397452119653,6.08,0.7289406369058113,0.045926157315078514
-0.8333333333333333,9.673333333333334,0.6708972541469191,0.6708972541469191,6.053333333333333,0.7290139626627896,0.48909346578523016,3.6133333333333337,0.7297950836694993,0.3569380067849374,13.02,0.17184997292886067,0.06133978680327298,6.093333333333334,0.7289031369059445,0.044710763018047536
-0.8266666666666667,9.686666666666667,0.6703067206095454,0.6703067206095454,6.066666666666666,0.7289775773527308,0.48863856927320026,3.626666666666667,0.7298084549074979,0.35661255924948465,13.04,0.16740025735418304,0.05969703419409758,6.1066666666666665,0.7288650729059258,0.04351108318014848
-0.82,9.7,0.669710712157578,0.669710712157578,6.08,0.7289406369058113,0.4881793530627894,3.6400000000000006,0.7298217498701516,0.3562839097027635,13.059999999999999,0.16300675707709059,0.05807668471939445,6.12,0.728826440427151,0.04232782339584617
-0.8133333333333334,9.713333333333333,0.6691091751534202,0.6691091751534202,6.093333333333333,0.7289031369059445,0.48771577670187705,3.6533333333333333,0.7298349670637581,0.35595202782568963,13.08,0.15867220819351077,0.056479694266060164,6.133333333333333,0.7287872349593185,0.041161680215509665
-0.8066666666666666,9.726666666666667,0.6685020553870314,0.6685020553870314,6.1066666666666665,0.7288650729059258,0.48724779933742995,3.666666666666667,0.7298481049866197,0.35561688300532396,13.1,0.15439931942693547,0.05490700471275015,6.1466666666666665,0.7287474519601342,0.04001333977917976
-0.8,9.74,0.6678892980703532,0.6678892980703532,6.119999999999999,0.728826440427151,0.48677537971200396,3.68,0.7298611621290128,0.3552784443323947,13.12,0.15019076699290754,0.05335954205032936,6.16,0.728707086855007,0.03888347644341275
-0.7933333333333333,9.753333333333334,0.6672708478317386,0.6672708478317386,6.133333333333333,0.7287872349593185,0.48629847616025296,3.6933333333333334,0.7298741369731405,0.354936680598818,13.14,0.1460491894203933,0.0518382144970224,6.173333333333333,0.7286661350367587,0.03777275140475179
-0.7866666666666666,9.766666666666666,0.6666466487103676,0.6666466487103676,6.1466666666666665,0.7287474519601342,0.4858170466054431,3.706666666666667,0.729887027993086,0.3545915602952254,13.16,0.14197718234283757,0.050343910613266506,6.1866666666666665,0.7286245918652997,0.03668181132349444
-0.78,9.78,0.6660166441506334,0.6660166441506334,6.16,0.728707086855007,0.4853310485559559,3.72,0.7298998336547795,0.3542430516084919,13.18,0.1379772932721504,0.048877497421406395,6.199999999999999,0.7285824526673363,0.03561128695152968
-0.7733333333333333,9.793333333333333,0.6653807769965652,0.6653807769965652,6.173333333333333,0.7286661350367587,0.4848404391018426,3.7333333333333334,0.7299125524159478,0.3538911224192948,13.2,0.13405201636923866,0.04743981853547955,6.213333333333333,0.7285397127360467,0.034561791768088455
-0.7666666666666666,9.806666666666667,0.6647389894861885,0.6647389894861885,6.1866666666666665,0.7286245918652997,0.48434517491132584,3.746666666666667,0.7299251827260709,0.35353574029964024,13.219999999999999,0.13020378722524778,0.046031692306494815,6.226666666666667,0.7284963673307664,0.03353392062736906
-0.76,9.82,0.6640912232459455,0.6640912232459455,6.199999999999999,0.7285824526673363,0.4838452122273826,3.7600000000000002,0.7299377230263411,0.3531768725104524,13.239999999999998,0.1264349776680077,0.04465390998871585,6.24,0.7284524116766746,0.03252824842207321
-0.7533333333333333,9.833333333333334,0.6634374192850637,0.6634374192850637,6.213333333333333,0.7285397127360467,0.4833405068642845,3.7733333333333334,0.7299501717496184,0.35281448599913207,13.26,0.12274789060872784,0.043307233932596,6.253333333333333,0.7284078409644643,0.031545328766985244
-0.7466666666666666,9.846666666666668,0.6627775179899443,0.6627775179899443,6.226666666666667,0.7284963673307664,0.4828310142041761,3.786666666666667,0.7299625273203803,0.3524485473971428,13.28,0.11914475494423177,0.04199239581008304,6.266666666666667,0.7283626503500044,0.030585692706778498
-0.74,9.86,0.6621114591185849,0.6621114591185849,6.24,0.7284524116766746,0.48231668919369514,3.8000000000000003,0.7299747881546752,0.35207902301763194,13.3,0.11562772053061934,0.04071009487817624,6.279999999999999,0.7283168349540374,0.029649847452351892
-0.7333333333333334,9.873333333333333,0.6614391817949548,0.6614391817949548,6.253333333333333,0.7284078409644643,0.4817974863405648,3.8133333333333335,0.7299869526600837,0.3517058788530372,13.32,0.1121988532445635,0.03946099628668215,6.293333333333333,0.7282703898618121,0.028738275150037528
-0.7266666666666666,9.886666666666667,0.6607606245034325,0.6607606245034325,6.266666666666667,0.7283626503500044,0.48127335971024415,3.826666666666667,0.7299990192356747,0.3513290805727363,13.34,0.10886013014873679,0.03824572943618411,6.306666666666667,0.7282233101227706,0.02785143168807788
-0.72,9.9,0.6600757250832184,0.6600757250832184,6.279999999999999,0.7283168349540374,0.480744262922601,3.8400000000000003,0.7300109862719365,0.35094859352070307,13.36,0.10561343477823469,0.03706488639231197,6.32,0.7281755907501926,0.026989745544810543
-0.7133333333333334,9.913333333333334,0.6593844207227952,0.6593844207227952,6.293333333333333,0.7282703898618121,0.4802101491485952,3.8533333333333335,0.7300228521507554,0.3505643827131971,13.379999999999999,0.10246055256530026,0.03591902036250757,6.333333333333333,0.7281272267208475,0.026153616683082286
-0.7066666666666667,9.926666666666666,0.6586866479543914,0.6586866479543914,6.306666666666667,0.7282233101227706,0.479670971107019,3.866666666666667,0.7300346152453556,0.3501764128364787,13.399999999999999,0.09940316641958566,0.034808644241398026,6.346666666666667,0.728078212974659,0.02534341549534773
-0.7,9.94,0.6579823426484647,0.6579823426484647,6.32,0.7281755907501926,0.4791266810612414,3.8800000000000003,0.7300462739202414,0.34978464824453115,13.42,0.09644285248162722,0.03373422923098519,6.359999999999999,0.7280285444143307,0.024559481803973514
-0.6933333333333334,9.953333333333333,0.6572714400082428,0.6572714400082428,6.333333333333333,0.7281272267208475,0.4785772308160197,3.8933333333333335,0.7300578265311696,0.34938905295684924,13.44,0.09358107606715402,0.03269620354178581,6.373333333333333,0.7279782159050034,0.02380212392121609
-0.6866666666666666,9.966666666666667,0.656553874564245,0.656553874564245,6.346666666666667,0.728078212974659,0.4780225717143239,3.906666666666667,0.7300692714250809,0.34898959065621993,13.459999999999999,0.09081918781986484,0.03169495118098498,6.386666666666667,0.7279272222738893,0.023071617773280925
-0.6799999999999999,9.98,0.6558295801688931,0.6558295801688931,6.359999999999999,0.7280285444143307,0.4774626546342209,3.9200000000000004,0.7300806069400538,0.3485862246865613,13.48,0.08815842009030454,0.03073081083361116,6.4,0.7278755583099037,0.02236820609283076
-0.6733333333333333,9.993333333333332,0.6550984899911312,0.6550984899911312,6.373333333333333,0.7279782159050034,0.4768974299858054,3.9333333333333336,0.7300918314052625,0.3481789180507996,13.5,0.08559988355808403,0.029804074842528124,6.413333333333333,0.7278232187632951,0.02169209768415097
-0.6666666666666666,10.006666666666666,0.6543605365110899,0.6543605365110899,6.386666666666667,0.7279272222738893,0.47632684770816963,3.946666666666667,0.7301029431409136,0.3477676334087684,13.52,0.08314456411460644,0.02891498829294029,6.426666666666667,0.7277701983452738,0.021043466765104425
-0.6599999999999999,10.02,0.653615651514801,0.653615651514801,6.4,0.7278755583099037,0.47575085726642724,3.9600000000000004,0.7301139404582029,0.3473523330751592,13.54,0.08079332002270022,0.028063748206772897,6.4399999999999995,0.7277164917276284,0.020422452389760294
-0.6533333333333333,10.033333333333333,0.6528637660889836,0.6528637660889836,6.413333333333333,0.7278232187632951,0.47516940764881105,3.9733333333333336,0.7301248216592577,0.3469329790175233,13.559999999999999,0.0785468793691948,0.02725050285208479,6.453333333333333,0.7276620935423512,0.019829157955429833
-0.6466666666666667,10.046666666666667,0.6521048106158649,0.6521048106158649,6.426666666666666,0.7277701983452738,0.4745824473638152,3.986666666666667,0.7301355850370855,0.3465095328543111,13.58,0.07640583782567253,0.02647535117231604,6.466666666666667,0.7276069983812399,0.019263650797578115
-0.6399999999999999,10.06,0.6513387147680711,0.6513387147680711,6.4399999999999995,0.7277164917276284,0.4739899244374032,4.0,0.7301462288755223,0.3460819558529637,13.6,0.07437065673155356,0.025738342339725436,6.48,0.7275512007955165,0.018725961875753323
-0.6333333333333333,10.073333333333334,0.6505654075035887,0.6505654075035887,6.453333333333333,0.7276620935423512,0.4733917864102942,4.013333333333334,0.7301567514491751,0.3456502089280622,13.62,0.0724416615128935,0.0250394754370276,6.493333333333333,0.727494695295416,0.018216085553417447
-0.6266666666666667,10.086666666666666,0.6497848170607978,0.6497848170607978,6.466666666666667,0.7276069983812399,0.47278798033531017,4.026666666666667,0.7301671510233645,0.3452142526395239,13.639999999999999,0.07061904044880588,0.02437869927065483,6.506666666666666,0.7274374763498106,0.017733979474136116
-0.62,10.1,0.6489968709535927,0.6489968709535927,6.4799999999999995,0.727551200795516,0.47217845277481896,4.04,0.7301774258540827,0.3447740471908809,13.66,0.06890284379617335,0.023755912318567766,6.52,0.7273795383857826,0.01727956453621295
-0.6133333333333333,10.113333333333333,0.6482014959665615,0.6482014959665615,6.493333333333333,0.727494695295416,0.4715631497982265,4.053333333333334,0.7301875741879147,0.34432955242757923,13.68,0.0672929832818061,0.023170962814940868,6.533333333333333,0.727320875788219,0.01685272496741905
-0.6066666666666667,10.126666666666667,0.6473986181503039,0.6473986181503039,6.506666666666666,0.7274374763498106,0.47094201697961174,4.066666666666666,0.7301975942620111,0.3438807278354117,13.7,0.06578923196947545,0.02262364897339595,6.546666666666667,0.7272614828994102,0.016453308500987657
-0.6,10.14,0.6465881628167833,0.6465881628167833,6.52,0.7273795383857826,0.4703149993953831,4.08,0.7302074843040014,0.34342753253894065,13.719999999999999,0.06439122450750889,0.022113719349774744,6.56,0.7272013540186119,0.016081126653543772
-0.5933333333333333,10.153333333333332,0.6457700545348619,0.6457700545348619,6.533333333333333,0.727320875788219,0.46968204162210175,4.093333333333334,0.7302172425319555,0.3429699253000703,13.74,0.06309845776073043,0.021640873344747357,6.573333333333333,0.7271404834016324,0.015735955105133096
-0.5866666666666667,10.166666666666666,0.6449442171258539,0.6449442171258539,6.546666666666667,0.7272614828994102,0.4690430877343477,4.106666666666667,0.7302268671543217,0.3425078645166424,13.76,0.06191029182850192,0.02120476184578233,6.586666666666666,0.7270788652604042,0.01541753418094853
-0.58,10.18,0.6441105736592851,0.6441105736592851,6.56,0.7272013540186119,0.46839808130273697,4.12,0.7302363563698602,0.34204130822114415,13.78,0.06082595144856154,0.020804988007261785,6.6,0.7270164937625503,0.01512556943381137
-0.5733333333333333,10.193333333333333,0.6432690464487281,0.6432690464487281,6.573333333333333,0.7271404834016324,0.46774696539203525,4.133333333333334,0.7302457083675931,0.34157021407949884,13.8,0.05984452778418255,0.020441108166729748,6.613333333333333,0.7269533630309355,0.01485973232588331
-0.5666666666666667,10.206666666666667,0.6424195570477641,0.6424195570477641,6.586666666666666,0.7270788652604042,0.4670896825593798,4.1466666666666665,0.7302549213267389,0.34109453938993134,13.82,0.058964980590009916,0.020112632894485675,6.626666666666667,0.726889467143244,0.014619661007520372
-0.56,10.219999999999999,0.6415620262461366,0.6415620262461366,6.6,0.7270164937625503,0.46642617485266347,4.16,0.7302639934166543,0.34061424108196064,13.84,0.05818614074971918,0.019819028172953744,6.64,0.7268248001314959,0.014404961190607591
-0.5533333333333332,10.233333333333334,0.6406963740659879,0.6406963740659879,6.613333333333333,0.7269533630309355,0.46575638380899614,4.173333333333334,0.7302729227967619,0.34012927571544604,13.86,0.057506713176448856,0.019559716701481447,6.653333333333333,0.7267593559816408,0.014215207113151999
-0.5466666666666666,10.246666666666666,0.6398225197583047,0.6398225197583047,6.626666666666667,0.726889467143244,0.4650802504533618,4.186666666666667,0.7302817076165099,0.33963959947979516,13.879999999999999,0.056925280064792444,0.019334079321481273,6.666666666666666,0.7266931286330539,0.014049942591366858
-0.54,10.26,0.6389403817995247,0.6389403817995247,6.64,0.7268248001314959,0.4643977152973812,4.2,0.7302903460152914,0.3391451681932353,13.899999999999999,0.05644030448105934,0.019141456556106284,6.68,0.7266261119780988,0.013908682154961197
-0.5333333333333333,10.273333333333333,0.6380498778882733,0.6380498778882733,6.653333333333333,0.7267593559816408,0.463708718338246,4.213333333333334,0.7302988361223801,0.33864593730222164,13.92,0.056050134276436486,0.018981150257959215,6.693333333333333,0.7265582998616531,0.013790912260841426
-0.5266666666666666,10.286666666666667,0.6371509249423528,0.6371509249423528,6.666666666666666,0.7266931286330539,0.46301319905780247,4.226666666666667,0.730307176056885,0.33814186188096806,13.94,0.055753006305851976,0.01885242535772214,6.706666666666667,0.7264896860806168,0.013696092579989817
-0.52,10.3,0.6362434390958667,0.6362434390958667,6.68,0.7266261119780988,0.4623110964218039,4.24,0.7303153639276598,0.33763289663108514,13.959999999999999,0.055547050933455494,0.018754511705977,6.72,0.7264202643834623,0.013623657351838552
-0.5133333333333333,10.313333333333333,0.6353273356966048,0.6353273356966048,6.693333333333333,0.7265582998616531,0.46160234887935897,4.253333333333334,0.7303233978332562,0.3371189958813856,13.98,0.05543029680409581,0.018686606000003957,6.733333333333333,0.7263500284697247,0.013573016800105402
-0.5066666666666666,10.326666666666666,0.6344025293035795,0.6344025293035795,6.706666666666667,0.7264896860806168,0.4608868943625068,4.2666666666666675,0.7303312758618503,0.3366001135877754,14.0,0.05540067585862421,0.018647873786852436,6.746666666666666,0.7262789719895106,0.01354355860370533
-0.5,10.34,0.6334689336848524,0.6334689336848524,6.72,0.7264202643834623,0.4601646702860604,4.28,0.7303389960911785,0.3360762033333495,14.02,0.055456028569604215,0.018637451533618343,6.76,0.7262070885430145,0.013534649416090517
-0.4933333333333333,10.353333333333333,0.6325264618155515,0.6325264618155515,6.733333333333333,0.7263500284697247,0.4594356135475801,4.293333333333334,0.7303465565884644,0.3355472183285836,14.04,0.055594109372903155,0.01865444875553269,6.773333333333333,0.7261343716800066,0.013545636426135611
-0.4866666666666666,10.366666666666667,0.6315750258761892,0.6315750258761892,6.746666666666666,0.7262789719895106,0.45869966052760724,4.306666666666667,0.7303539554103624,0.33501311141172846,14.06,0.05581259226977917,0.018697950192252906,6.786666666666667,0.7260608148993279,0.01357584895353419
-0.48,10.379999999999999,0.6306145372511536,0.6306145372511536,6.76,0.7262070885430145,0.4579567470900606,4.32,0.7303611906028715,0.33447383504931477,14.08,0.05610907657335479,0.01876701802256564,6.8,0.7259864116483654,0.013624600071542632
-0.4733333333333333,10.393333333333333,0.6296449065275856,0.6296449065275856,6.773333333333333,0.7261343716800066,0.4572068085829249,4.333333333333334,0.7303682602012787,0.3339293413368899,14.1,0.056481092772975555,0.0188606941076675,6.8133333333333335,0.7259111553225508,0.013691188249882141
-0.4666666666666667,10.406666666666666,0.6286660434944511,0.6286660434944511,6.786666666666666,0.7260608148993279,0.4564497798391175,4.346666666666667,0.7303751622300813,0.3333795819998803,14.12,0.056926108489674054,0.018978002253167373,6.826666666666666,0.7258350392648187,0.01377489901059556
-0.45999999999999996,10.42,0.6276778571419552,0.6276778571419552,6.8,0.7259864116483654,0.4556855951776234,4.36,0.7303818947029295,0.3328245083946647,14.14,0.05744153449596913,0.0191179504800561,6.84,0.7257580567650681,0.013875006589736316
-0.45333333333333325,10.433333333333334,0.6266802556612836,0.6266802556612836,6.8133333333333335,0.7259111553225508,0.4549141884049139,4.373333333333334,0.7303884556225309,0.33226407150984205,14.16,0.058024730773406245,0.019279533295034384,6.8533333333333335,0.7256802010596516,0.013990775597876799
-0.44666666666666666,10.446666666666667,0.6256731464446101,0.6256731464446101,6.826666666666666,0.7258350392648187,0.4541354928165663,4.386666666666667,0.7303948429805931,0.3316982219676702,14.18,0.058673012581668155,0.01946173395082607,6.866666666666666,0.72560146533079,0.01412146267259738
-0.43999999999999995,10.46,0.6246564360855306,0.6246564360855306,6.84,0.7257580567650681,0.45334944119922765,4.4,0.7304010547577515,0.3311269100257531,14.2,0.059383656513672084,0.019663526687402923,6.88,0.7255218427060586,0.014266318116344328
-0.43333333333333335,10.473333333333333,0.6236300303797806,0.6236300303797806,6.8533333333333335,0.7256802010596516,0.4525559658328358,4.413333333333334,0.7304070889234924,0.33055008557892107,14.219999999999999,0.06015390651186284,0.019883878945402677,6.893333333333333,0.7254413262578099,0.01442458751330266
-0.42666666666666664,10.486666666666666,0.6225938343263641,0.6225938343263641,6.866666666666666,0.72560146533079,0.45175499849312484,4.426666666666667,0.7304129434360711,0.32996769816132115,14.24,0.06098097982184636,0.020121753543436614,6.906666666666666,0.7253599090025997,0.014595513319239922
-0.41999999999999993,10.5,0.6215477521290673,0.6215477521290673,6.88,0.7255218427060586,0.4509464704544895,4.44,0.7304186162424411,0.32937969694878105,14.26,0.061862072860635275,0.02037611081145946,6.92,0.7252775839006445,0.014778336418627119
-0.41333333333333333,10.513333333333334,0.6204916871983632,0.6204916871983632,6.893333333333333,0.7254413262578099,0.45013031249312674,4.453333333333333,0.7304241052781839,0.3287860307613814,14.28,0.06279436697802647,0.020645910672878885,6.933333333333334,0.725194343855222,0.014972297643711927
-0.4066666666666666,10.526666666666667,0.6194255421537744,0.6194255421537744,6.906666666666666,0.7253599090025997,0.4493064548905478,4.466666666666667,0.7304294084674194,0.3281866480662961,14.3,0.06377503409095621,0.020930114668624683,6.946666666666666,0.725110181712084,0.015176639250621198
-0.3999999999999999,10.54,0.6183492188265888,0.6183492188265888,6.92,0.7252775839006445,0.4484748274373992,4.48,0.7304345237227337,0.32758149698087186,14.32,0.06480124217221876,0.021227687916995426,6.96,0.7250250902588871,0.015390606348007095
-0.3933333333333333,10.553333333333333,0.6172626182631767,0.6172626182631767,6.933333333333334,0.725194343855222,0.4476353594377208,4.493333333333334,0.7304394489451049,0.32697052527603276,14.34,0.06587016057638212,0.02153760100367629,6.973333333333333,0.7249390622245713,0.015613448274172074
-0.3866666666666666,10.566666666666666,0.616165640728628,0.616165640728628,6.946666666666666,0.725110181712084,0.4467879797134781,4.506666666666667,0.7304441820238142,0.32635368037988405,14.36,0.06697896518745781,0.021858831796962987,6.986666666666666,0.7248520902787652,0.015844419919080557
-0.38,10.58,0.6150581857109898,0.6150581857109898,6.96,0.7250250902588871,0.4459326166095777,4.5200000000000005,0.7304487208363689,0.325730909381681,14.379999999999999,0.06812484337443174,0.022190367183838235,7.0,0.7247641670311737,0.01608278298811041
-0.3733333333333333,10.593333333333334,0.613940151925989,0.613940151925989,6.973333333333333,0.7249390622245713,0.44506919799923733,4.533333333333333,0.7304530632484203,0.3251021590360606,14.4,0.06930499874253199,0.022531204723188612,7.013333333333334,0.7246752850309578,0.01632780720486757
-0.3666666666666666,10.606666666666667,0.6128114373222799,0.6128114373222799,6.986666666666666,0.7248520902787652,0.4441976512897891,4.546666666666667,0.7304572071136846,0.3244673757675977,14.42,0.07051665566972407,0.022880354213062656,7.026666666666666,0.724585436766111,0.016578771450835333
-0.36,10.62,0.6116719390872507,0.6116719390872507,7.0,0.7247641670311737,0.4433179034289141,4.5600000000000005,0.7304611502738523,0.32382650567567717,14.44,0.07175706361967776,0.023236839169507507,7.04,0.7244946146628106,0.016834964840094047
-0.3533333333333333,10.633333333333333,0.6105215536534243,0.6105215536534243,7.013333333333334,0.7246752850309578,0.44242988091133845,4.573333333333334,0.7304648905585092,0.32317949453971506,14.459999999999999,0.07302350122404533,0.023599698215107233,7.053333333333333,0.7244028110848,0.017095687727776615
-0.3466666666666667,10.646666666666667,0.6093601767054413,0.6093601767054413,7.026666666666666,0.724585436766111,0.44153350978598677,4.586666666666667,0.7304684257850518,0.3225262878247185,14.48,0.07431328012856595,0.023967986375944793,7.066666666666666,0.72431001833272,0.017360252651358956
-0.33999999999999997,10.66,0.608187703187673,0.608187703187673,7.04,0.7244946146628106,0.440628715663613,4.6000000000000005,0.7304717537586072,0.32186683068720207,14.5,0.07562374859903145,0.024340776286255993,7.08,0.7242162286434534,0.01762798520428632
-0.33333333333333326,10.673333333333334,0.6070040273124695,0.6070040273124695,7.053333333333333,0.7244028110848,0.4397154237249476,4.613333333333333,0.7304748722719181,0.32120106798147346,14.52,0.07695229488472022,0.02471715930059741,7.093333333333334,0.7241214341894832,0.01789822484183852
-0.32666666666666666,10.686666666666667,0.6058090425691065,0.6058090425691065,7.066666666666666,0.72431001833272,0.4387935587293571,4.626666666666667,0.7304777791052917,0.32052894426632816,14.54,0.07829635033826987,0.02509624651383221,7.1066666666666665,0.7240256270781829,0.018170325619486026
-0.31999999999999995,10.7,0.6046026417333871,0.6046026417333871,7.08,0.7242162286434534,0.43786304502402257,4.640000000000001,0.7304804720264957,0.3198504038121067,14.56,0.0796533922924097,0.02547716968973139,7.12,0.7239287993511696,0.018443656864353255
-0.31333333333333324,10.713333333333333,0.6033847168779687,0.6033847168779687,7.093333333333334,0.7241214341894832,0.43692380655368995,4.653333333333334,0.7304829487906617,0.31916539060818006,14.58,0.08102094669514825,0.025859082099401527,7.133333333333333,0.7238309429835985,0.0187176037807001
-0.30666666666666664,10.726666666666667,0.6021551593834906,0.6021551593834906,7.1066666666666665,0.7240256270781829,0.43597576687099493,4.666666666666667,0.7304852071401964,0.3184738483708647,14.6,0.0823965905062976,0.02624115927117885,7.1466666666666665,0.7237320498834678,0.018991567990648835
-0.29999999999999993,10.74,0.6009138599503855,0.6009138599503855,7.12,0.7239287993511696,0.43501884914735944,4.680000000000001,0.7304872448047021,0.3177757205517669,14.62,0.08377795385920839,0.026622599653962624,7.16,0.723632111890919,0.019264968011623425
-0.29333333333333333,10.753333333333334,0.5996607086115595,0.5996607086115595,7.133333333333333,0.7238309429835985,0.434052976184518,4.693333333333333,0.7304890595008743,0.31707095034658395,14.639999999999999,0.08516272199264324,0.02700262519630932,7.173333333333333,0.7235311207775242,0.019537239672221096
-0.2866666666666666,10.766666666666666,0.598395594745866,0.598395594745866,7.1466666666666665,0.7237320498834678,0.4330780704266625,4.706666666666667,0.7304906489324072,0.3163594807043675,14.66,0.08654863695860765,0.027380481843895944,7.1866666666666665,0.723429068245558,0.01980783646844406
-0.2799999999999999,10.78,0.5971184070924407,0.5971184070924407,7.16,0.723632111890919,0.43209405397324435,4.720000000000001,0.7304920107899024,0.3156412543372759,14.68,0.08793349911266449,0.027755439958187158,7.2,0.7233259459272698,0.02007622986238327
-0.2733333333333333,10.793333333333333,0.5958290337659118,0.5958290337659118,7.173333333333333,0.7235311207775242,0.43110084859243947,4.733333333333333,0.7304931427507767,0.31491621373081785,14.7,0.08931516839409953,0.028126794659400236,7.213333333333333,0.7232217453841522,0.020341909525633087
-0.2666666666666666,10.806666666666667,0.5945273622725673,0.5945273622725673,7.1866666666666665,0.723429068245558,0.43009837573533266,4.746666666666667,0.730494042479153,0.31418430115462076,14.719999999999999,0.09069156540374768,0.028493866096995044,7.226666666666667,0.7231164581061882,0.020604383529811053
-0.2599999999999999,10.82,0.5932132795273877,0.5932132795273877,7.2,0.7233259459272698,0.4290865565507656,4.760000000000001,0.73049470762578,0.3134454586737042,14.74,0.09206067228790005,0.0288559996510904,7.24,0.723010075511091,0.020863178486682885
-0.2533333333333333,10.833333333333334,0.591886671872153,0.591886671872153,7.213333333333333,0.7232217453841522,0.4280653119009955,4.773333333333333,0.7304951358279244,0.3126996281603405,14.76,0.09342053343707664,0.029212566068314523,7.253333333333333,0.7229025889435441,0.021117839640468896
-0.2466666666666666,10.846666666666668,0.5905474250944598,0.5905474250944598,7.226666666666667,0.7231164581061882,0.4270345623780352,4.786666666666667,0.7304953247092647,0.3119467513064216,14.78,0.09476925600880742,0.02956296153567405,7.266666666666667,0.7227939896744233,0.021367930914961364
-0.24,10.86,0.5891954244478549,0.5891954244478549,7.24,0.723010075511091,0.42599422832083284,4.800000000000001,0.7304952718798097,0.3111867696364565,14.799999999999999,0.0961050102837332,0.02990660769607336,7.279999999999999,0.7226842689000255,0.021613034918116652
-0.23333333333333328,10.873333333333333,0.5878305546730079,0.5878305546730079,7.253333333333333,0.7229025889435441,0.424944229833237,4.8133333333333335,0.7304949749357705,0.31041962452113075,14.82,0.0974260298646406,0.030242951609166208,7.293333333333333,0.7225734177412492,0.02185275290681844
-0.22666666666666657,10.886666666666667,0.5864527000200007,0.5864527000200007,7.266666666666667,0.7227939896744233,0.42388448680279406,4.826666666666667,0.7304944314594854,0.3096452571915028,14.84,0.09873061172798683,0.03057146566118689,7.306666666666667,0.7224614272428245,0.02208670471448608
-0.21999999999999997,10.9,0.5850617442717485,0.5850617442717485,7.279999999999999,0.7226842689000255,0.42281491892040224,4.84,0.7304936390192924,0.3088636087538117,14.86,0.10001711613763398,0.030891647427418727,7.32,0.7223482883724763,0.022314528644201928
-0.21333333333333326,10.913333333333334,0.5836575707686258,0.5836575707686258,7.293333333333333,0.7225734177412492,0.4217354457008409,4.8533333333333335,0.7304925951694425,0.3080746202049488,14.879999999999999,0.10128396643036792,0.031203019490886382,7.333333333333333,0.7222339920201124,0.022535881329984245
-0.20666666666666667,10.926666666666666,0.5822400624342879,0.5822400624342879,7.306666666666667,0.7224614272428245,0.4206459865042269,4.866666666666667,0.7304912974499801,0.30727823244859953,14.9,0.10252964868279987,0.03150512922082663,7.346666666666667,0.7221185289969934,0.022750437568803517
-0.19999999999999996,10.94,0.5808091018027334,0.5808091018027334,7.32,0.7223482883724763,0.4195464605583598,4.880000000000001,0.730489743386642,0.30647438631205015,14.92,0.10375271126899685,0.03179754851437714,7.359999999999999,0.7220018900348848,0.022957890125856237
-0.19333333333333325,10.953333333333333,0.579364571046698,0.579364571046698,7.333333333333333,0.7222339920201124,0.41843678698207676,4.8933333333333335,0.7304879304907514,0.3056630225637367,14.94,0.10495176431811552,0.03207987350487212,7.373333333333333,0.7218840657852168,0.023157949515572537
-0.18666666666666665,10.966666666666667,0.5779063520073333,0.5779063520073333,7.346666666666667,0.7221185289969934,0.41731688480955414,4.906666666666667,0.7304858562591092,0.3048440819314912,14.959999999999999,0.10612547908101147,0.032351724239990616,7.386666666666667,0.7217650468182109,0.023350343760726675
-0.17999999999999994,10.98,0.5764343262252618,0.5764343262252618,7.359999999999999,0.7220018900348848,0.4161866730156244,4.92,0.7304835181738691,0.304017505121531,14.98,0.10727258721458026,0.03261274433290853,7.4,0.7216448236220107,0.023534818131951504
-0.17333333333333323,10.993333333333334,0.5749483749730684,0.5749483749730684,7.373333333333333,0.7218840657852168,0.41504607054216197,4.933333333333334,0.7304809137024392,0.3031832328382455,15.0,0.10839187999231284,0.03286260058948455,7.413333333333333,0.7215233866018086,0.023711134869867485
-0.16666666666666663,11.006666666666666,0.5734483792892056,0.5734483792892056,7.386666666666667,0.7217650468182109,0.4138949963255006,4.946666666666667,0.7304780402973766,0.30234120580474155,15.02,0.10948220744919829,0.03310098261435547,7.426666666666667,0.7214007260789393,0.023879072891922384
-0.15999999999999992,11.02,0.5719342200133766,0.5719342200133766,7.4,0.7216448236220107,0.41273336932494536,4.960000000000001,0.7304748953962534,0.3014913647841827,15.04,0.11054247746881429,0.03332760239869759,7.4399999999999995,0.7212768322899819,0.024038427485952595
-0.15333333333333332,11.033333333333333,0.5704057778235175,0.5704057778235175,7.413333333333333,0.7215233866018086,0.4115611085524632,4.973333333333334,0.7304714764215499,0.30063365060200753,15.059999999999999,0.11157165482011522,0.033542193892278305,7.453333333333333,0.7211516953858534,0.024189009992377518
-0.1466666666666666,11.046666666666667,0.5688629332742376,0.5688629332742376,7.426666666666667,0.7214007260789393,0.41037813310343024,4.986666666666667,0.7304677807805438,0.2997680041689253,15.08,0.11256876015099695,0.033744512562234805,7.466666666666667,0.7210253054308653,0.02433064747680102
-0.1399999999999999,11.06,0.5673055668369822,0.5673055668369822,7.4399999999999995,0.7212768322899819,0.4091843621886511,5.0,0.7304638058651869,0.2988943665048412,15.1,0.1135328689454636,0.0339343349409315,7.48,0.720897652401808,0.02446318239473417
-0.1333333333333333,11.073333333333334,0.5657335589417989,0.5657335589417989,7.453333333333333,0.7211516953858534,0.40797971516755094,5.013333333333334,0.7304595490519838,0.29801267876364607,15.12,0.11446311045075311,0.03411145816504803,7.493333333333333,0.7207687261869835,0.024586472250002246
-0.1266666666666666,11.086666666666666,0.5641467900207846,0.5641467900207846,7.466666666666667,0.7210253054308653,0.40676411158257847,5.026666666666667,0.7304550077018818,0.29712288225890143,15.14,0.11535866658044691,0.03427569950792599,7.506666666666667,0.7206385165852536,0.024700389248313692
-0.12,11.1,0.5625451405533246,0.5625451405533246,7.4799999999999995,0.720897652401808,0.4055374711949368,5.04,0.7304501791601301,0.2962249184904877,15.16,0.11621877079925225,0.03442689590707317,7.52,0.720507013305081,0.02480481994737021
-0.11333333333333329,11.113333333333333,0.5609284911130981,0.5609284911130981,7.493333333333333,0.7207687261869835,0.4042997140215744,5.053333333333334,0.7304450607561828,0.2953187291721962,15.18,0.1170427069946757,0.03456490348854135,7.533333333333333,0.7203742059635218,0.024899664904763735
-0.10666666666666658,11.126666666666667,0.5592967224169054,0.5592967224169054,7.506666666666667,0.7206385165852536,0.40305076037351306,5.066666666666667,0.7304396498035511,0.2944042562602839,15.2,0.11782980834057241,0.03468959708979801,7.546666666666667,0.7202400840852574,0.02498483832483982
-0.09999999999999998,11.14,0.5576497153753859,0.5576497153753859,7.52,0.720507013305081,0.40179053089554784,5.08,0.7304339435996883,0.2934814419830474,15.219999999999999,0.11857945615707052,0.034800869782542605,7.56,0.7201046371015636,0.02506026770557661
-0.09333333333333327,11.153333333333332,0.5559873511456535,0.5559873511456535,7.533333333333333,0.7203742059635218,0.40051894660731185,5.093333333333334,0.7304279394258706,0.2925502288713991,15.24,0.119291078771111,0.03489863239680462,7.573333333333333,0.7199678543493094,0.02512589348645272
-0.08666666666666656,11.166666666666666,0.5543095111859191,0.5543095111859191,7.546666666666667,0.7202400840852574,0.3992359289458043,5.106666666666667,0.7304216345470519,0.29161055979050504,15.26,0.11996415038144413,0.03498281304752525,7.586666666666667,0.7198297250699248,0.02518166869817268
-0.07999999999999996,11.18,0.5526160773120967,0.5526160773120967,7.56,0.7201046371015636,0.39794139980931703,5.12,0.7304150262117477,0.29066237797246186,15.28,0.12059818993163143,0.0350533566647026,7.6,0.7196902384083446,0.025227558615032546
-0.07333333333333325,11.193333333333333,0.5509069317564962,0.5509069317564962,7.573333333333333,0.7199678543493094,0.396635281602886,5.133333333333334,0.730408111651897,0.2897056270500824,15.3,0.1211927599942427,0.03511022452806222,7.613333333333333,0.7195493834119653,0.025263540410622832
-0.06666666666666665,11.206666666666667,0.5491819572286165,0.5491819572286165,7.586666666666666,0.7198297250699248,0.39531749728523824,5.1466666666666665,0.7304008880827337,0.2887402510917817,15.32,0.12174746566916644,0.03515339380710319,7.626666666666667,0.7194071490295746,0.025289602817482007
-0.05999999999999994,11.22,0.5474410369780497,0.5474410369780497,7.6,0.7196902384083446,0.3939879704172439,5.16,0.7303933527026527,0.28776619463756437,15.34,0.12226195349861643,0.0351828571072517,7.64,0.7192635241102598,0.02530574579122956
-0.05333333333333323,11.233333333333334,0.5456840548597005,0.5456840548597005,7.613333333333333,0.7195493834119653,0.3926466252120385,5.173333333333334,0.7303855026930783,0.2867834027362355,15.36,0.12273591040117696,0.03519862202277924,7.653333333333333,0.7191184974023265,0.025311980179653446
-0.046666666666666634,11.246666666666666,0.5439108954010801,0.5439108954010801,7.626666666666667,0.7194071490295746,0.39129338658661417,5.186666666666667,0.7303773352183112,0.2857918209836797,15.379999999999999,0.123169062626913,0.03520071069699836,7.666666666666666,0.7189720575521764,0.025308327397119815
-0.039999999999999925,11.26,0.5421214438720534,0.5421214438720534,7.64,0.7192635241102598,0.3899281802151556,5.2,0.7303688474254224,0.28479139556243555,15.4,0.12356117473534581,0.03518915939021308,7.68,0.7188241931032076,0.025294819104650076
-0.033333333333333326,11.273333333333333,0.5403155863568027,0.5403155863568027,7.653333333333333,0.7191184974023265,0.3885509325839609,5.213333333333334,0.7303600364440735,0.28378207328240046,15.42,0.12391204859784183,0.03516401805576512,7.693333333333333,0.7186748924946513,0.025271496895906975
-0.026666666666666616,11.286666666666667,0.5384932098282305,0.5384932098282305,7.666666666666666,0.7189720575521764,0.3871615710480787,5.226666666666667,0.7303508993864092,0.28276380162281944,15.44,0.12422152242571605,0.035125349924469786,7.706666666666667,0.7185241440604428,0.025238411989303194
-0.019999999999999907,11.3,0.5366542022247829,0.5366542022247829,7.68,0.7188241931032076,0.3857600238896751,5.24,0.7303414333468994,0.28173652877551947,15.459999999999999,0.12448946982515904,0.03507323109764508,7.72,0.7183719360280545,0.025195624926374664
-0.013333333333333308,11.313333333333333,0.5347984525296958,0.5347984525296958,7.693333333333333,0.7186748924946513,0.384346220378085,5.253333333333334,0.7303316354022005,0.28070020368938137,15.48,0.12471579887986589,0.035007750148862274,7.733333333333333,0.7182182565173124,0.025143205276509546
-0.006666666666666599,11.326666666666666,0.5329258508528446,0.5329258508528446,7.706666666666667,0.7185241440604428,0.3829200908317234,5.2666666666666675,0.7303215026110014,0.27965477611616535,15.5,0.12490045126206045,0.034929007734499536,7.746666666666666,0.718063093539218,0.02508123134809001
0.0,11.34,0.5310362885150167,0.5310362885150167,7.72,0.7183719360280545,0.3814815666816851,5.28,0.7303110320138894,0.2786001966575768,15.52,0.12504340137244457,0.03483711621309537,7.76,0.7179064349947257,0.025009789906040258
0.006666666666666821,11.353333333333333,0.5291296581348943,0.5291296581348943,7.733333333333333,0.7182182565173124,0.38003058053724537,5.293333333333334,0.7303002206331932,0.2775364168137108,15.54,0.1251446555093898,0.03473219927346225,7.773333333333333,0.7177482686735389,0.024928975895751878
0.01333333333333342,11.366666666666667,0.5272058537186014,0.5272058537186014,7.746666666666666,0.718063093539218,0.3785670662531634,5.306666666666667,0.7302890654728341,0.27646338903281514,15.56,0.12520425106757768,0.034614391571457986,7.786666666666667,0.717588582252864,0.024838892173308022
0.020000000000000018,11.379999999999999,0.5252647707519729,0.5252647707519729,7.76,0.7179064349947257,0.37709095899887074,5.32,0.7302775635181712,0.2753810667624259,15.58,0.12522225576612162,0.03448383837527191,7.8,0.7174273632961613,0.024739649241902306
0.02666666666666684,11.393333333333334,0.523306306295475,0.523306306295475,7.773333333333333,0.7177482686735389,0.3756021953295219,5.333333333333334,0.7302657117358642,0.2742894045018664,15.6,0.125198766906053,0.03434069521902926,7.8133333333333335,0.7172645992518862,0.024631364994308187
0.03333333333333344,11.406666666666666,0.5213303590819253,0.5213303590819253,7.786666666666667,0.717588582252864,0.37410071325897526,5.346666666666668,0.7302535070736897,0.2731883578561355,15.62,0.12513391065697493,0.034185127564495356,7.826666666666666,0.7171002774522044,0.024514164461238618
0.040000000000000036,11.42,0.5193368296169598,0.5193368296169598,7.8,0.7174273632961613,0.37258645233468324,5.36,0.7302409464604113,0.272077883591206,15.64,0.12502784137250345,0.03401731047060776,7.84,0.7169343851116913,0.024388179565398675
0.046666666666666634,11.433333333333334,0.5173256202823453,0.5173256202823453,7.813333333333333,0.7172645992518862,0.37105935371454984,5.373333333333333,0.7302280268056079,0.2709579396907399,15.66,0.12488074093406673,0.03383742827054777,7.8533333333333335,0.7167669093260252,0.024253548881021592
0.053333333333333455,11.446666666666667,0.5152966354421054,0.5152966354421054,7.826666666666666,0.7171002774522044,0.3695193602457212,5.386666666666667,0.73021474499952,0.26982848541421506,15.68,0.12469281812249305,0.03364567425602249,7.866666666666667,0.7165978370706596,0.024110417398649688
0.06000000000000005,11.46,0.5132497815515331,0.5132497815515331,7.84,0.7169343851116913,0.3679664165453583,5.4,0.7302010979128797,0.2686894813564886,15.7,0.12446430801674879,0.03344225036841448,7.88,0.7164271551994761,0.023958936294911817
0.06666666666666665,11.473333333333333,0.5111849672690858,0.5111849672690858,7.8533333333333335,0.7167669093260252,0.36640046908338797,5.413333333333334,0.7301870823967525,0.26754088950880056,15.719999999999999,0.1241954714190843,0.03322736689642663,7.893333333333333,0.7162548504434222,0.02379926270702877
0.07333333333333347,11.486666666666666,0.5091021035712661,0.5091021035712661,7.866666666666667,0.7165978370706596,0.36482146626729217,5.426666666666668,0.7301726952823764,0.26638267332125726,15.74,0.12388659430578036,0.03300124217983982,7.906666666666666,0.7160809094091423,0.02363155951177104
0.08000000000000007,11.5,0.5070011038703538,0.5070011038703538,7.88,0.7164271551994761,0.36322935852883165,5.44,0.7301579333809907,0.26521479776671464,15.76,0.12353798730262167,0.03276410231897177,7.92,0.7159053185775718,0.02345599510857164
0.08666666666666667,11.513333333333334,0.5048818841351751,0.5048818841351751,7.893333333333333,0.7162548504434222,0.36162409841283305,5.453333333333333,0.7301427934836604,0.26403722940615604,15.78,0.12314998518413389,0.03251618088942788,7.933333333333334,0.7157280643025399,0.023272743206501453
0.09333333333333349,11.526666666666667,0.502744363014803,0.502744363014803,7.906666666666666,0.7160809094091423,0.36000564066796004,5.466666666666667,0.7301272723611179,0.2628499364555144,15.8,0.1227229463956033,0.03225771866171783,7.946666666666667,0.7155491328093238,0.023081982614799334
0.10000000000000009,11.54,0.5005884619652985,0.5005884619652985,7.92,0.7159053185775718,0.3583739423395237,5.48,0.7301113667635821,0.2616528888539628,15.82,0.12225725259678932,0.031988963325298575,7.96,0.7153685101932211,0.02288389703664443
0.10666666666666669,11.553333333333333,0.498414105379394,0.498414105379394,7.933333333333334,0.7157280643025399,0.3567289628642758,5.493333333333334,0.7300950734205927,0.2604460583336453,15.84,0.12175330822626076,0.03171016921661101,7.973333333333333,0.7151861824180747,0.02267867486585918
0.11333333333333351,11.566666666666666,0.49622122071925123,0.49622122071925123,7.946666666666667,0.7155491328093238,0.35507066416724425,5.506666666666668,0.7300783890408216,0.2592294184908763,15.86,0.12121154008517226,0.03142159705066275,7.986666666666666,0.7150021353147991,0.022466508986225056
0.1200000000000001,11.58,0.494009738652099,0.494009738652099,7.96,0.7153685101932211,0.35339901076049457,5.5200000000000005,0.7300613103119087,0.258002944858739,15.879999999999999,0.12063239693931552,0.031123513655711733,8.0,0.7148163545798734,0.02224759657309277
0.1266666666666667,11.593333333333334,0.4917795931890843,0.4917795931890843,7.973333333333333,0.7151861824180747,0.35171396984401504,5.533333333333333,0.7300438339002685,0.2567666149812082,15.9,0.12001634913822062,0.03081619171062375,8.013333333333334,0.7146288257738304,0.022022138896984296
0.1333333333333333,11.606666666666666,0.4895307218268568,0.4895307218268568,7.986666666666666,0.7150021353147991,0.35001551140839754,5.546666666666667,0.7300259564509188,0.2555204084885729,15.92,0.11936388825004225,0.03049990948443516,8.026666666666667,0.7144395343197174,0.021790341128853388
0.14000000000000012,11.620000000000001,0.4872630656923907,0.4872630656923907,8.0,0.7148163545798734,0.3483036083396481,5.5600000000000005,0.7300076745872968,0.2542643071743911,15.94,0.11867552671096984,0.03017495057772069,8.04,0.7142484655015467,0.021552412146722013
0.14666666666666672,11.633333333333333,0.4849765696905859,0.4849765696905859,8.013333333333334,0.7146288257738304,0.3465782365258036,5.573333333333334,0.7299889849110642,0.2529982950737381,15.959999999999999,0.11795179748785634,0.029841603665310478,8.053333333333333,0.7140556044627101,0.021308564343369897
0.15333333333333332,11.646666666666667,0.48267118265487385,0.48267118265487385,8.026666666666667,0.7144395343197174,0.3448393749654953,5.586666666666667,0.7299698840019249,0.2517223585428589,15.98,0.11719325375273643,0.029500162239950563,8.066666666666666,0.7138609362043999,0.021059013434792797
0.16000000000000014,11.66,0.4803468575008104,0.4803468575008104,8.04,0.7142484655015467,0.343087005878444,5.6000000000000005,0.7299503684174394,0.2504364863402064,16.0,0.11640046856791211,0.029150924356501545,8.08,0.7136644455839946,0.02080397826914364
0.16666666666666674,11.673333333333334,0.47800355138245,0.47800355138245,8.053333333333333,0.7140556044627101,0.34132111481771743,5.613333333333333,0.7299304346928266,0.24914066970873666,16.02,0.11557403458024515,0.028794192376262965,8.093333333333334,0.7134661173134111,0.020543680635867763
0.17333333333333334,11.686666666666667,0.47564122585159563,0.47564122585159563,8.066666666666666,0.7138609362043999,0.3395416907838285,5.626666666666667,0.7299100793407756,0.24783490245952536,16.04,0.11471456372331118,0.028430272711053833,8.106666666666666,0.7132659359574773,0.02027834507477614
0.18000000000000016,11.7,0.47325984701990426,0.47325984701990426,8.08,0.7136644455839946,0.337748726340626,5.640000000000001,0.7298892988512393,0.24651918105665863,16.06,0.1138226869260354,0.02805947556667469,8.120000000000001,0.7130638859322405,0.02000819868479381
0.18666666666666676,11.713333333333333,0.4708593857236478,0.4708593857236478,8.093333333333334,0.7134661173134111,0.33594221773282884,5.653333333333334,0.729868089691255,0.24519350470330345,16.08,0.11289905382644458,0.027682114685392847,8.133333333333333,0.712859951503287,0.01973347093213757
0.19333333333333336,11.726666666666667,0.4684398176912737,0.4684398176912737,8.106666666666666,0.7132659359574773,0.3341221650053164,5.666666666666667,0.7298464483047177,0.243857875429013,16.1,0.1119443324891853,0.02729850708713176,8.146666666666667,0.7126541167840263,0.01945439345770237
0.20000000000000018,11.74,0.4660011237134711,0.4660011237134711,8.120000000000001,0.7130638859322405,0.33228857212391844,5.680000000000001,0.7298243711122048,0.24251229817811126,16.12,0.11095920912538262,0.026908972809022196,8.16,0.7124463657339473,0.01917119988342147
0.20666666666666678,11.753333333333334,0.4635432898159091,0.4635432898159091,8.133333333333333,0.712859951503287,0.33044144709784307,5.693333333333333,0.7298018545107594,0.24115678089922488,16.14,0.1099443878135429,0.026513834643049974,8.173333333333334,0.7122366821568805,0.018884125617422073
0.21333333333333337,11.766666666666666,0.4610663074343475,0.4610663074343475,8.146666666666667,0.7126541167840263,0.32858080210349727,5.706666666666667,0.7297788948736725,0.23979133463579513,16.16,0.10890059022008311,0.02611341787149955,8.186666666666667,0.7120250496992133,0.018593407657770792
0.21999999999999997,11.78,0.4585701735922212,0.4585701735922212,8.16,0.7124463657339473,0.3267066536097633,5.720000000000001,0.7297554885502981,0.23841597361762584,16.18,0.10782855531815219,0.025708049999959282,8.2,0.7118114518480966,0.018299284394654475
0.2266666666666668,11.793333333333333,0.45605489108043545,0.45605489108043545,8.173333333333334,0.7122366821568805,0.32481902250454686,5.733333333333334,0.7297316318658204,0.2370307153533036,16.2,0.10672903910341623,0.025298060487653463,8.213333333333333,0.7115958719296047,0.018001995410839647
0.2333333333333334,11.806666666666667,0.4535204686394486,0.4535204686394486,8.186666666666667,0.7120250496992133,0.3229179342226139,5.746666666666667,0.7297073211210503,0.2356355807235271,16.22,0.10560281430544803,0.02488378047490304,8.226666666666667,0.7113782931069317,0.01770178128028412
0.24,11.82,0.45096692114330267,0.45096692114330267,8.2,0.7118114518480966,0.32100341887448036,5.76,0.7296825525922102,0.23423059407515728,16.24,0.10445067009344058,0.02446554250753485,8.24,0.7111586983784942,0.017398883364782205
0.2466666666666668,11.833333333333334,0.4483942697857265,0.4483942697857265,8.213333333333333,0.7115958719296047,0.31907551137641244,5.773333333333333,0.7296573225307135,0.2328157833160313,16.26,0.10327341177492266,0.024043680258097673,8.253333333333334,0.7109370705760627,0.01709354360855947
0.2533333333333334,11.846666666666668,0.4458025422680339,0.4458025422680339,8.226666666666667,0.7113782931069317,0.3171342515813647,5.786666666666667,0.7296316271629367,0.23139118001041128,16.28,0.10207186048620595,0.023618528243761268,8.266666666666666,0.7107133923628363,0.016786004330741032
0.26,11.86,0.44319177298862866,0.44319177298862866,8.24,0.7111586983784942,0.31517968441065025,5.800000000000001,0.7296054626900166,0.22995681947492588,16.3,0.10084685287333231,0.023190421540807287,8.28,0.7104876462315247,0.016476508015645017
0.26666666666666683,11.873333333333333,0.44056200323417627,0.44056200323417627,8.253333333333334,0.7109370705760627,0.31321185998642714,5.813333333333334,0.7295788252875977,0.22851274087504103,16.32,0.09959924076227236,0.022759695495659968,8.293333333333333,0.710259814502392,0.016165297100878374
0.27333333333333343,11.886666666666667,0.43791328137207,0.43791328137207,8.266666666666666,0.7107133923628363,0.3112308337646851,5.826666666666667,0.7295517111056314,0.22705898732185834,16.34,0.0983298908171785,0.022326685432417444,8.306666666666667,0.7100298793212683,0.015852613763223278
0.28,11.9,0.43524566304412754,0.43524566304412754,8.28,0.7104876462315247,0.3092366666687015,5.84,0.7295241162681179,0.225595605969183,16.36,0.09703968418555364,0.02189172635689812,8.32,0.7097978226575405,0.015538699702340977
0.28666666666666685,11.913333333333334,0.43255921136135816,0.43255921136135816,8.293333333333333,0.710259814502392,0.3072294252228192,5.8533333333333335,0.7294960368729018,0.22412264811078614,16.38,0.09572951612915626,0.021455152657230712,8.333333333333334,0.7095636263021488,0.015223795922330807
0.29333333333333345,11.926666666666666,0.4298539970995133,0.4298539970995133,8.306666666666667,0.7100298793212683,0.3052091816863322,5.866666666666667,0.729467468991417,0.2226401692776703,16.4,0.09440029563959886,0.02101729780106241,8.346666666666668,0.709327271865501,0.014908142511212395
0.30000000000000004,11.94,0.42713009889537495,0.42713009889537495,8.32,0.7097978226575405,0.3031760141874371,5.880000000000001,0.7294384086684496,0.2211482293353274,16.419999999999998,0.09305294503754304,0.020578494029490184,8.36,0.7090887407754282,0.014591978418425862
0.30666666666666664,11.953333333333333,0.42438760344339804,0.42438760344339804,8.333333333333332,0.7095636263021488,0.3011300068569758,5.8933333333333335,0.7294088519219123,0.21964689258078426,16.439999999999998,0.09168839955448232,0.020139072047847408,8.373333333333333,0.7088480142750543,0.014275541230458886
0.31333333333333346,11.966666666666667,0.421626605692654,0.421626605692654,8.346666666666668,0.709327271865501,0.29907124996188156,5.906666666666667,0.7293787947425863,0.2181362278393559,16.46,0.09030760689617393,0.019699360713530786,8.386666666666667,0.708605073420686,0.01395906694475206
0.32000000000000006,11.98,0.41884720904370115,0.41884720904370115,8.36,0.7090887407754282,0.2969998400381006,5.92,0.7293482330938721,0.21661630856095132,16.48,0.08891152678676421,0.019259686721067006,8.4,0.70835989907965,0.0136427897420407
0.32666666666666666,11.993333333333332,0.41604952554527025,0.41604952554527025,8.373333333333333,0.7088480142750543,0.2949158800228433,5.933333333333334,0.7293171629115648,0.2150872129158275,16.5,0.08750113049274319,0.01882037428466826,8.413333333333334,0.7081124719281224,0.01332694175732891
0.3333333333333335,12.006666666666668,0.41323367609042727,0.41323367609042727,8.386666666666667,0.708605073420686,0.2928194793859572,5.946666666666667,0.7292855801035714,0.21354902388961355,16.52,0.08607740032593529,0.018381744818558986,8.426666666666666,0.7078627724489128,0.013011752849713603
0.3400000000000001,12.02,0.41039979061197607,0.41039979061197607,8.4,0.70835989907965,0.29071075426020887,5.960000000000001,0.7292534805496814,0.21200182937748044,16.54,0.08464132912473812,0.017944116615385898,8.44,0.7076107809292378,0.012697450371298527
0.3466666666666667,12.033333333333333,0.4075480082768438,0.4075480082768438,8.413333333333334,0.7081124719281224,0.2885898275702988,5.973333333333334,0.7292208601012999,0.2104457222772991,16.56,0.08319391971294408,0.017507804523070148,8.453333333333333,0.7073564774584615,0.01238425893547022
0.3533333333333335,12.046666666666667,0.4046784776791549,0.4046784776791549,8.426666666666666,0.7078627724489128,0.2864568291603721,5.986666666666667,0.7291877145811825,0.20888080058162395,16.58,0.08173618433547514,0.017073119620481237,8.466666666666667,0.7070998419258105,0.012072400184822737
0.3600000000000001,12.06,0.40179135703172,0.40179135703172,8.44,0.7076107809292378,0.2843118959198336,6.0,0.7291540397831822,0.20730716746836228,16.6,0.08026914407049508,0.016640368892364223,8.48,0.7068408540180594,0.011762092559054277
0.3666666666666667,12.073333333333334,0.39888681435559403,0.39888681435559403,8.453333333333333,0.7073564774584615,0.2821551719072003,6.013333333333334,0.729119831471986,0.20572493138992712,16.62,0.07879382821738093,0.016209854903970394,8.493333333333332,0.7065794932171915,0.011453551063171608
0.3733333333333335,12.086666666666666,0.3959650276674479,0.3959650276674479,8.466666666666667,0.7070998419258105,0.27998680847180163,6.026666666666667,0.7290850853828315,0.20413420616072997,16.64,0.07731127366014223,0.015781875475888087,8.506666666666668,0.7063157387980186,0.011146987036370225
0.3800000000000001,12.1,0.393026185164395,0.393026185164395,8.48,0.7068408540180594,0.2778069643730609,6.040000000000001,0.7290497972212515,0.2025351110428315,16.66,0.07582252420593327,0.015356723359596475,8.52,0.7060495698258045,0.010842607921976975
0.3866666666666667,12.113333333333333,0.39007048540589695,0.39007048540589695,8.493333333333332,0.7065794932171915,0.27561580589708257,6.053333333333334,0.7290139626627896,0.20092777082953042,16.68,0.07432862989839625,0.014934685914297946,8.533333333333333,0.7057809651538255,0.010540617038862447
0.3933333333333333,12.126666666666667,0.3870981374925515,0.3870981374925515,8.506666666666666,0.7063157387980186,0.27341350697038846,6.066666666666666,0.7289775773527308,0.19931231592678778,16.7,0.07283064630564555,0.014516044785622965,8.546666666666667,0.7055099034209102,0.010241213354758466
0.40000000000000013,12.14,0.3841093612412602,0.3841093612412602,8.52,0.7060495698258045,0.27120024927045633,6.08,0.7289406369058113,0.19768888243222124,16.72,0.07132963378278209,0.014101075586817806,8.56,0.7052363630489709,0.009944591261926022
0.40666666666666673,12.153333333333332,0.38110438735648045,0.38110438735648045,8.533333333333333,0.7057809651538255,0.26897622233281415,6.093333333333334,0.7289031369059445,0.196057612211499,16.74,0.0698266567089626,0.013690047583071255,8.573333333333334,0.7049603222404817,0.009650940355649439
0.41333333333333333,12.166666666666666,0.3780834575971772,0.3780834575971772,8.546666666666667,0.7055099034209102,0.26674162365442833,6.106666666666667,0.7288650729059258,0.19441865297192992,16.759999999999998,0.06832278269904388,0.01328322337964199,8.586666666666666,0.7046817589759399,0.009360445216036446
0.42000000000000015,12.18,0.37504682493918073,0.37504682493918073,8.56,0.7052363630489709,0.26449665879317186,6.120000000000001,0.728826440427151,0.19277215833310213,16.78,0.06681908179003282,0.012880858614500708,8.6,0.7044006510112764,0.009073285193638505
0.42666666666666675,12.193333333333333,0.3719947537323861,0.3719947537323861,8.573333333333334,0.7049603222404817,0.26224154146295153,6.133333333333334,0.7287872349593185,0.19111828789425392,16.8,0.06531662560258136,0.01248320165619534,8.613333333333333,0.704116975875285,0.008789634199401613
0.43333333333333335,12.206666666666667,0.36892751985265315,0.36892751985265315,8.586666666666666,0.7046817589759399,0.2599764936243986,6.1466666666666665,0.7287474519601342,0.1894572072983106,16.82,0.0638164864778911,0.012090493307691647,8.626666666666667,0.7038307108669535,0.008509660499484756
0.44000000000000017,12.22,0.36584541084773187,0.36584541084773187,8.6,0.7044006510112764,0.2577017455706302,6.16,0.728707086855007,0.18778908829222413,16.84,0.06231973659051271,0.011702966516943941,8.64,0.7035418330528225,0.008233526515486546
0.44666666666666677,12.233333333333334,0.3627487260770994,0.3627487260770994,8.613333333333333,0.704116975875285,0.25541753600801936,6.173333333333334,0.7286661350367587,0.18611410878357562,16.86,0.06082744703760502,0.011320846094984006,8.653333333333332,0.7032503192642766,0.007961388630639242
0.45333333333333337,12.246666666666666,0.35963777684503584,0.35963777684503584,8.626666666666667,0.7038307108669535,0.25312411213145236,6.186666666666667,0.7286245918652997,0.18443245289304583,16.88,0.0593406869053178,0.010944348442306006,8.666666666666666,0.702956146094821,0.007693397002522287
0.4600000000000002,12.26,0.3565128865267529,0.3565128865267529,8.64,0.7035418330528225,0.25082172969398464,6.200000000000001,0.7285824526673363,0.182744311002707,16.9,0.05786052231311831,0.010573681284367559,8.68,0.7026592898973233,0.007429695382874326
0.4666666666666668,12.273333333333333,0.3533743906870216,0.3533743906870216,8.653333333333332,0.7032503192642766,0.24851065307046716,6.213333333333334,0.7285397127360467,0.1810498797998055,16.92,0.05638801543689406,0.010209043416999247,8.693333333333333,0.7023597267812164,0.007170420945061167
0.4733333333333334,12.286666666666667,0.3502226371908893,0.3502226371908893,8.666666666666666,0.702956146094821,0.2461911553148723,6.226666666666667,0.7284963673307664,0.17934936231584897,16.94,0.05492422351187977,0.009850624462548795,8.706666666666667,0.7020574326096832,0.0069157041197791475
0.4800000000000002,12.3,0.34705798630620877,0.34705798630620877,8.68,0.7026592898973233,0.2438635182111156,6.24,0.7284524116766746,0.17764296796084583,16.96,0.05347019781650863,0.009498604637578132,8.72,0.7017523829967883,0.006665668439564799
0.4866666666666668,12.313333333333333,0.34388081079733346,0.34388081079733346,8.693333333333333,0.7023597267812164,0.2415280323169183,6.253333333333334,0.7284078409644643,0.17593091255236182,16.98,0.05202698263837306,0.009153154532914858,8.733333333333334,0.7014445533045944,0.006420430392668386
0.4933333333333334,12.326666666666666,0.3406914960097505,0.3406914960097505,8.706666666666667,0.7020574326096832,0.2391849970005576,6.2666666666666675,0.7283626503500044,0.17421341833928397,17.0,0.05059561422365631,0.008814434906878863,8.746666666666666,0.7011339186402341,0.006180099286859244
0.5,12.34,0.3374904399452112,0.3374904399452112,8.719999999999999,0.7017523829967883,0.23683472047018644,6.28,0.7283168349540374,0.17249071402007038,17.02,0.04917711971145961,0.008482596492480145,8.76,0.7008204538529705,0.0059447771237115515
0.5066666666666668,12.353333333333333,0.3342780533267923,0.3342780533267923,8.733333333333334,0.7014445533045944,0.2344775197953412,6.293333333333334,0.7282703898618121,0.17076303475518392,17.04,0.04777251605455666,0.00815777981936684,8.773333333333333,0.7005041335311695,0.005714558483903629
0.5133333333333334,12.366666666666667,0.33105475965368286,0.33105475965368286,8.746666666666666,0.7011339186402341,0.23211372092048754,6.306666666666667,0.7282233101227706,0.16903062217363043,17.06,0.04638280892822948,0.00784011505129925,8.786666666666667,0.7001849319993136,0.005489530424060761
0.52,12.379999999999999,0.32782099524510777,0.32782099524510777,8.76,0.7008204538529705,0.22974365867020893,6.32,0.7281755907501926,0.16729372437329,17.08,0.045008991628944395,0.00752972183989234,8.8,0.6998628233149191,0.005269772385643061
0.5266666666666668,12.393333333333334,0.32457720927317724,0.32457720927317724,8.773333333333333,0.7005041335311695,0.22736767674587208,6.333333333333334,0.7281272267208475,0.16555259591493396,17.1,0.04365204396472937,0.007226709195353773,8.813333333333333,0.6995377812654442,0.0050553561163683616
0.5333333333333334,12.406666666666666,0.32132386378400757,0.32132386378400757,8.786666666666667,0.7001849319993136,0.22498612771336207,6.346666666666668,0.728078212974659,0.16380749780963305,17.12,0.04231293113917295,0.006931175374899227,8.826666666666666,0.6992097793651655,0.004846345604624556
0.54,12.42,0.31806143370702233,0.31806143370702233,8.8,0.6998628233149191,0.22259937298178764,6.36,0.7280285444143307,0.16205869749947355,17.14,0.04099260263113812,0.006643207789515736,8.84,0.6988787908520089,0.004642797027315404
0.5466666666666669,12.433333333333334,0.3147904068518238,0.3147904068518238,8.813333333333333,0.6995377812654442,0.2202077827727713,6.373333333333334,0.7279782159050034,0.1603064688313186,17.16,0.039691991072305186,0.006362882929685468,8.853333333333333,0.6985447886843473,0.004444758711540376
0.5533333333333335,12.446666666666667,0.3115112838923003,0.3115112838923003,8.826666666666666,0.6992097793651655,0.21781173608009474,6.386666666666667,0.7279272222738893,0.15855109202343684,17.18,0.03841201112476821,0.006090266310648404,8.866666666666667,0.6982077455377655,0.004252271110482427
0.56,12.46,0.3082245783378031,0.3082245783378031,8.84,0.6988787908520089,0.21541162061959412,6.4,0.7278755583099037,0.15679285362492823,17.2,0.037153558361031916,0.005825412437746506,8.879999999999999,0.6978676338017855,0.004065366793849646
0.5666666666666669,12.473333333333333,0.3049308164907014,0.3049308164907014,8.853333333333333,0.6985447886843473,0.21300783276884253,6.413333333333334,0.7278232187632951,0.15503204646761265,17.22,0.03591750814873059,0.005568364792314857,8.893333333333334,0.6975244255765629,0.0038840704531601777
0.5733333333333335,12.486666666666666,0.3016305373903121,0.3016305373903121,8.866666666666667,0.6982077455377655,0.2106007774966345,6.426666666666668,0.7277701983452738,0.15326896961039457,17.24,0.0347047145426066,0.0053191558385681905,8.906666666666666,0.6971780926695301,0.003708398922144966
0.5800000000000001,12.5,0.2983242927427203,0.2983242927427203,8.879999999999999,0.6978676338017855,0.2081908682819534,6.44,0.7277164917276284,0.15150392827587192,17.259999999999998,0.03351600918619757,0.005077807051839141,8.92,0.6968286065920171,0.0035383612124761867
0.5866666666666667,12.513333333333334,0.29501264683612227,0.29501264683612227,8.893333333333333,0.6975244255765629,0.2057785270221876,6.453333333333333,0.7276620935423512,0.1497372337790263,17.28,0.03235220022583745,0.00484432896848209,8.933333333333334,0.6964759385558388,0.0033739585649968018
0.5933333333333335,12.526666666666667,0.29169617644159795,0.29169617644159795,8.906666666666666,0.6971780926695301,0.20336418393054798,6.466666666666667,0.7276069983812399,0.1479692034479564,17.3,0.031214071239610126,0.004618721257692875,8.946666666666667,0.6961200594698258,0.003215184516579713
0.6000000000000001,12.54,0.28837547069883934,0.28837547069883934,8.92,0.6968286065920171,0.20094827742238927,6.48,0.7275512007955165,0.14620016053644988,17.32,0.030102380183884538,0.004400972815413167,8.96,0.6957609399363308,0.0030620249826861052
0.6066666666666667,12.553333333333333,0.2850511309867242,0.2850511309867242,8.933333333333334,0.6964759385558388,0.19853125399038207,6.493333333333334,0.727494695295416,0.14443043412834985,17.34,0.02901785836015457,0.00419106188043209,8.973333333333333,0.6953985502477018,0.0029144583556508824
0.6133333333333335,12.566666666666666,0.2817237707784081,0.2817237707784081,8.946666666666667,0.6961200594698258,0.19611356806832902,6.506666666666668,0.7274374763498106,0.14266035903358207,17.36,0.027961209404870704,0.003988956172712026,8.986666666666666,0.6950328603826916,0.002772455618661234
0.6200000000000001,12.58,0.2783940154807911,0.2783940154807911,8.96,0.6957609399363308,0.19369568188356467,6.5200000000000005,0.7273795383857826,0.14089027567578666,17.38,0.02693310830501209,0.0037946130538989726,9.0,0.6946638400028762,0.0026359804753465013
0.6266666666666667,12.593333333333334,0.27506250225804524,0.27506250225804524,8.973333333333333,0.6953985502477018,0.19127806529774988,6.533333333333333,0.727320875788219,0.1391205299714356,17.4,0.025934200442106668,0.0036079797098913188,9.013333333333334,0.6942914584489819,0.002504989494834778
0.6333333333333335,12.606666666666667,0.2717298798393014,0.2717298798393014,8.986666666666666,0.6950328603826916,0.18886119563615475,6.546666666666667,0.7272614828994102,0.1373514732005055,17.42,0.02496510066742475,0.003428993355269713,9.026666666666667,0.6939156847371946,0.002379432272081273
0.6400000000000001,12.620000000000001,0.26839680830990115,0.26839680830990115,9.0,0.6946638400028762,0.1864455575050718,6.5600000000000005,0.7272013540186119,0.13558346186844317,17.44,0.024026392411026328,0.0032575814592966405,9.04,0.6935364875554562,0.0022592516032063693
0.6466666666666667,12.633333333333333,0.26506395888660694,0.26506395888660694,9.013333333333334,0.6942914584489819,0.18403164259764332,6.573333333333334,0.7271404834016324,0.1338168575596468,17.46,0.023118626827339218,0.0030936619931286814,9.053333333333333,0.6931538352596776,0.0021443836755342437
0.6533333333333335,12.646666666666667,0.26173201367620513,0.26173201367620513,9.026666666666667,0.6939156847371946,0.18161994948776866,6.586666666666668,0.7270788652604042,0.13205202678221878,17.48,0.022242321979861302,0.002937143697783378,9.066666666666666,0.6927676958699305,0.002034758271952278
0.6600000000000001,12.66,0.2584016654177471,0.2584016654177471,9.04,0.6935364875554562,0.17921098341230451,6.6000000000000005,0.7270164937625503,0.1302893408041522,17.5,0.02139796206756798,0.0027879263723356853,9.08,0.6923780370666222,0.0019302989891640506
0.6666666666666667,12.673333333333334,0.2550736172082583,0.2550736172082583,9.053333333333333,0.6931538352596776,0.1768052560414631,6.613333333333333,0.7269533630309355,0.12852917548088724,17.52,0.02058599669550078,0.002645901181724985,9.093333333333334,0.6919848261865891,0.0018309234693428542
0.6733333333333333,12.686666666666667,0.25174858221185076,0.25174858221185076,9.066666666666666,0.6927676958699305,0.17440328523742563,6.626666666666667,0.726889467143244,0.1267719110742635,17.54,0.01980684019195189,0.002510950983476273,9.106666666666666,0.6915880302191806,0.00173654364463927
0.6800000000000002,12.7,0.2484272833522859,0.2484272833522859,9.08,0.6923780370666222,0.17200559480124925,6.640000000000001,0.7268248001314959,0.12501793206291706,17.56,0.01906087097456001,0.002382950672557571,9.120000000000001,0.691187615802295,0.001647065993939543
0.6866666666666668,12.713333333333333,0.24511045298903578,0.24511045298903578,9.093333333333334,0.6919848261865891,0.16961271420813404,6.653333333333334,0.7267593559816408,0.12326762694420158,17.58,0.018348430967536154,0.0022617675435176823,9.133333333333333,0.6907835492183614,0.0015623918112180391
0.6933333333333334,12.726666666666667,0.24179883257690965,0.24179883257690965,9.106666666666666,0.6915880302191806,0.16722517833116238,6.666666666666667,0.7266931286330539,0.12152138802769276,17.6,0.01766982507212552,0.0021472616689712197,9.146666666666667,0.6903757963903121,0.0014824174847743966
0.7000000000000002,12.74,0.2384931723091801,0.2384931723091801,9.120000000000001,0.691187615802295,0.1648435271535081,6.680000000000001,0.7266261119780988,0.11977961122030975,17.62,0.017025320692255538,0.002039286293419463,9.16,0.6899643228774841,0.0014070347865924942
0.7066666666666668,12.753333333333334,0.2351942307445433,0.2351942307445433,9.133333333333333,0.6907835492183614,0.16246830546939786,6.693333333333333,0.7265582998616531,0.11804269580324943,17.64,0.01641514731723179,0.0019376882413335182,9.173333333333334,0.6895490938714905,0.0013361311710169696
0.7133333333333334,12.766666666666666,0.23190277441788304,0.23190277441788304,9.146666666666667,0.6903757963903121,0.1601000625738689,6.706666666666667,0.7264896860806168,0.11631104420077713,17.66,0.015839496163156573,0.001842308338350944,9.186666666666667,0.6891300741920573,0.0012695900818924318
0.7200000000000002,12.780000000000001,0.22861957743503275,0.22861957743503275,9.16,0.6899643228774841,0.1577393519414989,6.720000000000001,0.7264202643834623,0.11458506174101964,17.68,0.015298519874601874,0.0017529818443774716,9.2,0.6887072282828193,0.0012072912672713128
0.7266666666666668,12.793333333333333,0.22534542105178956,0.22534542105178956,9.173333333333334,0.6895490938714905,0.155386730894351,6.733333333333334,0.7263500284697245,0.11286515640892927,17.7,0.014792332287905937,0.0016695388973273582,9.213333333333333,0.6882805202070639,0.0011491111007584018
0.7333333333333334,12.806666666666667,0.2220810932373362,0.2220810932373362,9.186666666666667,0.6891300741920573,0.1530427602592987,6.746666666666667,0.7262789719895106,0.11115173859156059,17.72,0.014321008257278958,0.0015918049661806514,9.226666666666667,0.6878499136434417,0.0010949229085245628
0.7400000000000002,12.82,0.21882738822231104,0.21882738822231104,9.2,0.6887072282828193,0.1507080040149563,6.760000000000001,0.7262070885430145,0.10944522081583036,17.740000000000002,0.013884583544723824,0.0015196013119881434,9.24,0.6874153718816334,0.0010445973009921476
0.7466666666666668,12.833333333333334,0.21558510603181114,0.21558510603181114,9.213333333333333,0.6882805202070639,0.14838302892847,6.773333333333333,0.7261343716800066,0.10774601747895081,17.759999999999998,0.013483054774594973,0.001452745455413161,9.253333333333334,0.6869768578179943,0.0009980025081691045
0.7533333333333334,12.846666666666668,0.2123550520036679,0.2123550520036679,9.226666666666667,0.6878499136434417,0.14606840418247152,6.786666666666667,0.7260608148993279,0.10605454457176967,17.78,0.013116379453408836,0.0013910516493617913,9.266666666666666,0.6865343339511241,0.0009550047175862099
0.76,12.86,0.20913803629219002,0.20913803629219002,9.24,0.6874153718816334,0.14376470099239033,6.800000000000001,0.7259864116483654,0.10437121939516565,17.8,0.012784476055334146,0.001334331355223522,9.28,0.6860877623774189,0.0009154684137753351
0.7666666666666668,12.873333333333333,0.20593487335792518,0.20593487335792518,9.253333333333334,0.6869768578179943,0.14147249221457403,6.813333333333334,0.7259111553225508,0.10269646026984201,17.82,0.012487224173573213,0.0012823937212219723,9.293333333333333,0.6856371047865952,0.0008792567182151412
0.7733333333333334,12.886666666666667,0.202746381443518,0.202746381443518,9.266666666666666,0.6865343339511241,0.13919235194532617,6.826666666666667,0.7258350392648187,0.1010306862395983,17.84,0.01222446473764671,0.0012350460613562181,9.306666666666667,0.6851823224571228,0.0008462317286615758
0.78,12.9,0.1995733820364231,0.1995733820364231,9.28,0.6860877623774189,0.1369248551114633,6.84,0.7257580567650681,0.0993743167685341,17.86,0.011996000296380024,0.0011920943334078975,9.32,0.6847233762516922,0.000816254856781566
0.7866666666666668,12.913333333333334,0.19641669931849556,0.19641669931849556,9.293333333333333,0.6856371047865952,0.1346705770524725,6.8533333333333335,0.7256802010596516,0.09772777143225755,17.88,0.011801595366179713,0.001153343614482001,9.333333333333334,0.6842602266125666,0.0007891871630076106
0.7933333333333334,12.926666666666666,0.19327715960326564,0.19327715960326564,9.306666666666667,0.6851823224571228,0.13243009309488155,6.866666666666667,0.72560146533079,0.09609146960353898,17.9,0.011640976843984768,0.0011185985725592634,9.346666666666668,0.6837928335569488,0.0007648896875430568
0.8,12.94,0.1901555907610719,0.1901555907610719,9.32,0.6847233762516922,0.13020397811905626,6.880000000000001,0.7255218427060586,0.09446583013259703,17.92,0.011513834484057534,0.001087663932545817,9.36,0.6833211566722818,0.0007432237764579304
0.8066666666666669,12.953333333333333,0.18705282163272796,0.18705282163272796,9.333333333333334,0.6842602266125666,0.12799280611893044,6.893333333333334,0.7254413262578099,0.09285127102237561,17.94,0.011419821437592596,0.0010603449353290453,9.373333333333333,0.6828451551115204,0.000724051401836477
0.8133333333333335,12.966666666666667,0.18396968143216075,0.18396968143216075,9.346666666666668,0.6837928335569488,0.12579714975506637,6.906666666666667,0.7253599090025997,0.09124820909912135,17.96,0.011358554853892418,0.0010364477883718151,9.386666666666667,0.6823647875883454,0.000707235474958744
0.8200000000000001,12.98,0.18090699913850122,0.18090699913850122,9.36,0.6833211566722818,0.12361757990143214,6.92,0.7252775839006445,0.08965705967855557,17.98,0.01132961654170022,0.001015780106414367,9.4,0.6818800123723725,0.0006926401515294385
0.8266666666666669,12.993333333333334,0.1778656028782504,0.1778656028782504,9.373333333333333,0.6828451551115204,0.121454665186403,6.933333333333334,0.725194343855222,0.08807823622800919,18.0,0.011332553689049566,0.0009981513408907046,9.413333333333334,0.6813907872842937,0.0006801311279983907
0.8333333333333335,13.006666666666668,0.17484631929808975,0.17484631929808975,9.386666666666667,0.6823647875883454,0.11930897152844502,6.946666666666667,0.725110181712084,0.08651215002487263,18.02,0.011366879639840653,0.0009833731967165648,9.426666666666666,0.6808970696909851,0.0006695759280569655
0.8400000000000001,13.02,0.17184997292886067,0.17184997292886067,9.4,0.6818800123723725,0.1171810616669234,6.960000000000001,0.7250250902588871,0.08495920981169335,18.04,0.011432074725155866,0.0009712600351574738,9.44,0.6803988165005942,0.0006608441784354707
0.8466666666666667,13.033333333333333,0.16887738554136678,0.16887738554136678,9.413333333333334,0.6813907872842937,0.1150714946885451,6.973333333333334,0.7249390622245713,0.08341982144829363,18.06,0.0115275871471771,0.0009616292615471581,9.453333333333333,0.6798959841575702,0.0006538078731743226
0.8533333333333335,13.046666666666667,0.16592937549459008,0.16592937549459008,9.426666666666666,0.6808970696909851,0.11298082554992153,6.986666666666667,0.7248520902787652,0.08189438756128115,18.08,0.011652833913396485,0.0009543016966909322,9.466666666666667,0.6793885286376633,0.0006483416255912781
0.8600000000000001,13.06,0.16300675707709059,0.16300675707709059,9.44,0.6803988165005942,0.1109096045968523,7.0,0.7247641670311737,0.0803833071913945,18.1,0.01180720181868206,0.0009491019308619118,9.48,0.678876405442892,0.0006443229072224428
0.8666666666666667,13.073333333333334,0.16011033984201517,0.16011033984201517,9.453333333333333,0.6798959841575702,0.10885837708068993,7.013333333333334,0.7246752850309578,0.07888697543895647,18.12,0.0119900484726147,0.0009458586593710534,9.493333333333332,0.678359569596476,0.0006416322730700476
0.8733333333333335,13.086666666666666,0.1572409279366279,0.1572409279366279,9.466666666666667,0.6793885286376633,0.10682768267248646,7.026666666666667,0.724585436766111,0.07740578310795511,18.14,0.012200703369399074,0.0009444049987762019,9.506666666666668,0.6778379756377234,0.0006401535725526073
0.8800000000000001,13.1,0.15439931942693547,0.15439931942693547,9.48,0.678876405442892,0.10481805497538682,7.040000000000001,0.7244946146628106,0.07594011634909817,18.16,0.012438468997535314,0.0009445787828774822,9.52,0.6773115776168959,0.0006397741456141948
0.8866666666666667,13.113333333333333,0.15158630561819622,0.15158630561819622,9.493333333333332,0.678359569596476,0.10283002103587946,7.053333333333334,0.7244028110848002,0.07449035630230022,18.18,0.01270262198635185,0.0009462228377367819,9.533333333333333,0.6767803290900287,0.0006403850035160001
0.8933333333333335,13.126666666666667,0.14880267037193257,0.14880267037193257,9.506666666666668,0.6778379756377234,0.10086410085439822,7.066666666666667,0.72431001833272,0.0730568787389625,18.2,0.012992414286407464,0.000949185235048434,9.546666666666667,0.6762441831137275,0.0006418809938989397
0.9000000000000001,13.14,0.1460491894203933,0.1460491894203933,9.52,0.6773115776168959,0.09892080689599544,7.08,0.7242162286434534,0.07164005370458514,18.22,0.013307074380714875,0.0009533195232853226,9.56,0.6757030922399299,0.0006441609497765883
0.9066666666666667,13.153333333333332,0.14332662967897875,0.14332662967897875,9.533333333333333,0.6767803290900287,0.09700064360150391,7.093333333333334,0.7241214341894832,0.07024024516202393,18.24,0.013645808523669768,0.0009584849361366003,9.573333333333334,0.6751570085106277,0.0006471278221844871
0.9133333333333336,13.166666666666668,0.14063574855768332,0.14063574855768332,9.546666666666667,0.6762441831137275,0.09510410689997813,7.106666666666667,0.7240256270781829,0.0688578106359672,18.26,0.014007802004542224,0.0009645465778548902,9.586666666666666,0.6746058834525799,0.0006506887962849608
0.9200000000000002,13.18,0.1379772932721504,0.1379772932721504,9.56,0.6757030922399299,0.09323168372288769,7.120000000000001,0.7239287993511696,0.06749310085899807,18.28,0.014392220432353914,0.0009713755852257955,9.6,0.6740496680719643,0.0006547553907946575
0.9266666666666667,13.193333333333333,0.1353520001552745,0.1353520001552745,9.573333333333334,0.6751570085106277,0.09138385152076513,7.133333333333334,0.7238309429835985,0.06614645941974857,18.3,0.014798211038957333,0.0009788492659732666,9.613333333333333,0.6734883128490299,0.0006592435406738466
0.9333333333333333,13.206666666666667,0.13276059397015214,0.13276059397015214,9.586666666666666,0.6746058834525799,0.08956107778292373,7.1466666666666665,0.7237320498834678,0.0648182224136081,18.32,0.015224903997126785,0.0009868512135115949,9.626666666666667,0.6729217677327151,0.0006640736630853974
0.9400000000000002,13.22,0.13020378722524426,0.13020378722524426,9.6,0.6740496680719643,0.08776381956088855,7.16,0.723632111890919,0.06350871809645933,18.34,0.015671413750502072,0.0009952713980536125,9.64,0.6723499821352183,0.0006691707067010401
0.9466666666666668,13.233333333333334,0.1276822794926265,0.1276822794926265,9.613333333333333,0.6734883128490299,0.08599252299620731,7.173333333333334,0.7235311207775242,0.0622182665419329,18.36,0.016136840352232628,0.001004006234179828,9.653333333333332,0.6717729049265821,0.0006744641844993814
0.9533333333333334,13.246666666666666,0.12519675673019018,0.12519675673019018,9.626666666666667,0.6729217677327151,0.08424762285328227,7.186666666666667,0.723429068245558,0.06094717930265317,18.38,0.016620270809235133,0.001012958625069106,9.666666666666666,0.6711904844292146,0.0006798881902668844
0.9600000000000002,13.26,0.12274789060872784,0.12274789060872784,9.64,0.6723499821352183,0.08252954205791391,7.200000000000001,0.7233259459272698,0.059695759075984976,18.4,0.01712078042900357,0.001022037983682636,9.68,0.6706026684124219,0.000685381399076427
0.9666666666666668,13.273333333333333,0.12033633784484796,0.12033633784484796,9.653333333333332,0.6717729049265821,0.08083869124226012,7.213333333333334,0.7232217453841522,0.05846429937479794,18.42,0.017637434166007437,0.0010311602312847484,9.693333333333333,0.6700094040868851,0.0006908870520811889
0.9733333333333334,13.286666666666667,0.11796273954056785,0.11796273954056785,9.666666666666666,0.6711904844292146,0.079175468296831,7.226666666666667,0.7231164581061882,0.057253084203703224,18.439999999999998,0.018169287964753325,0.0010402477737673538,9.706666666666667,0.6694106380991685,0.0006963529260188438
0.9800000000000002,13.3,0.11562772053061934,0.11562772053061934,9.68,0.6706026684124219,0.0775402579302791,7.24,0.723010075511091,0.056062387741320566,18.46,0.01871539009670442,0.0010492294563315143,9.72,0.6688063165261438,0.0007017312878798085
0.9866666666666668,13.313333333333333,0.11333188873844902,0.11333188873844902,9.693333333333333,0.6700094040868851,0.07593343123768939,7.253333333333334,0.7229025889435441,0.054892474029092246,18.48,0.019274782488324406,0.0010580404971567495,9.733333333333334,0.6681963848694594,0.0007069788352456255
0.9933333333333334,13.326666666666666,0.11107583454174891,0.11107583454174891,9.706666666666667,0.6694106380991685,0.07435534527798979,7.2666666666666675,0.7227939896744233,0.05374359666709753,18.5,0.019846502037620846,0.001066622400762624,9.746666666666666,0.6675807880499622,0.0007120566228528552
1.0,13.34,0.10886013014873679,0.10886013014873679,9.719999999999999,0.6688063165261438,0.07280634266133326,7.28,0.7226842689000255,0.05261599851749036,18.52,0.020429581916686486,0.0010749228518413241,9.76,0.6669594704021207,0.0007169299759872267
