normalized_field_Hy,surface_index,ray_index,x_global_mm,y_global_mm,z_global_mm
-1.0,0,0,0.0,-214.0,-351.14151
-1.0,0,1,0.0,-214.0,-351.14151
-1.0,0,2,0.0,-214.0,-351.14151
-1.0,0,3,0.0,-214.0,-351.14151
-1.0,0,4,0.0,-214.0,-351.14151
-1.0,0,5,0.0,-214.0,-351.14151
-1.0,0,6,0.0,-214.0,-351.14151
-1.0,1,0,0.0,-212.31696216458033,-17.94888959071676
-1.0,1,1,0.0,-207.39130587126104,-17.113040744224293
-1.0,1,2,0.0,-202.4416004268419,-16.294021640589392
-1.0,1,3,0.0,-197.46860683359083,-15.492179785140081
-1.0,1,4,0.0,-192.47310600809607,-14.707853842679413
-1.0,1,5,0.0,-187.45589808720604,-13.941373093814377
-1.0,1,6,0.0,-182.41780168776978,-13.193056911207236
-1.0,2,0,0.0,-108.41052095577095,-306.7733818729751
-1.0,2,1,0.0,-101.69239416813846,-305.0106160470361
-1.0,2,2,0.0,-94.92813031904402,-303.35825310962946
-1.0,2,3,0.0,-88.11782692093576,-301.81707090350375
-1.0,2,4,0.0,-81.26156031431728,-300.387908728467
-1.0,2,5,0.0,-74.35938065419957,-299.0716761146537
-1.0,2,6,0.0,-67.41130641014797,-297.86936190309063
-1.0,3,0,0.0,-200.45569086798923,185.39086751335094
-1.0,3,1,0.0,-173.9565531550989,192.15746348215373
-1.0,3,2,0.0,-147.1522501310597,197.97653315605857
-1.0,3,3,0.0,-120.08169855889871,202.8315536289461
-1.0,3,4,0.0,-92.78372628176778,206.70804862787713
-1.0,3,5,0.0,-65.2969404085374,209.59342851768696
-1.0,3,6,0.0,-37.659627283226826,211.47682599413469
-1.0,4,0,0.0,-28.075718825789437,-284.9143464188343
-1.0,4,1,0.0,-16.322068750276202,-284.3292934698027
-1.0,4,2,0.0,-4.62674969805559,-284.0555586517355
-1.0,4,3,0.0,7.0070656897006245,-284.08646814239614
-1.0,4,4,0.0,18.57691206756239,-284.41734145571377
-1.0,4,5,0.0,30.08091197473746,-285.0454684544517
-1.0,4,6,0.0,41.51767589393768,-285.9701578129114
-1.0,5,0,0.0,16.411932073347586,-90.79244560768072
-1.0,5,1,0.0,32.129592216008916,-91.76833179641821
-1.0,5,2,0.0,47.504974263819335,-93.34136785723163
-1.0,5,3,0.0,62.58872407732232,-95.48867626460691
-1.0,5,4,0.0,77.4281354529351,-98.19839722475558
-1.0,5,5,0.0,92.06802439259567,-101.46910503775715
-1.0,5,6,0.0,106.55155808864073,-105.30980833237729
-1.0,6,0,0.0,53.50046299402335,-351.14150900000004
-1.0,6,1,0.0,53.500414192248726,-351.14150900000004
-1.0,6,2,0.0,53.50035895747953,-351.14150900000004
-1.0,6,3,0.0,53.500306676846506,-351.14150900000004
-1.0,6,4,0.0,53.50025253712229,-351.14150900000004
-1.0,6,5,0.0,53.500190451879185,-351.14150900000004
-1.0,6,6,0.0,53.50020978036349,-351.14150900000004
0.0,0,0,0.0,0.0,-351.14151
0.0,0,1,0.0,0.0,-351.14151
0.0,0,2,0.0,0.0,-351.14151
0.0,0,3,0.0,0.0,-351.14151
0.0,0,4,0.0,0.0,-351.14151
0.0,0,5,0.0,0.0,-351.14151
0.0,0,6,0.0,0.0,-351.14151
0.0,1,0,0.0,-15.516545437505037,-0.09425467640005536
0.0,1,1,0.0,-10.345906332739165,-0.04190120778139317
0.0,1,2,0.0,-5.173416159735029,-0.01047683871144045
0.0,1,3,0.0,0.0,5.684341886080802e-14
0.0,1,4,0.0,5.173416159735028,-0.01047683871144045
0.0,1,5,0.0,10.345906332739164,-0.04190120778139317
0.0,1,6,0.0,15.516545437505037,-0.09425467640005536
0.0,2,0,0.0,-21.336762082112152,-292.92664251350766
0.0,2,1,0.0,-14.22523166186837,-292.623482301038
0.0,2,2,0.0,-7.1128336636286,-292.4416981208744
0.0,2,3,0.0,0.0,-292.38112200000006
0.0,2,4,0.0,7.1128336636285985,-292.4416981208744
0.0,2,5,0.0,14.225231661868367,-292.623482301038
0.0,2,6,0.0,21.336762082112152,-292.92664251350766
0.0,3,0,0.0,-82.81120807041927,207.87224531169534
0.0,3,1,0.0,-55.26545630335837,210.39453166227196
0.0,3,2,0.0,-27.65012063688449,211.90884265046014
0.0,3,3,0.0,0.0,212.413769
0.0,3,4,0.0,27.650120636884488,211.90884265046014
0.0,3,5,0.0,55.26545630335836,210.39453166227196
0.0,3,6,0.0,82.81120807041927,207.87224531169534
0.0,4,0,0.0,-34.80256597181741,-285.39060372082656
0.0,4,1,0.0,-23.201981537785535,-284.6338118883715
0.0,4,2,0.0,-11.60103736058036,-284.18193348008947
0.0,4,3,0.0,0.0,-284.03167
0.0,4,4,0.0,11.60103736058036,-284.18193348008947
0.0,4,5,0.0,23.201981537785535,-284.6338118883715
0.0,4,6,0.0,34.80256597181741,-285.39060372082656
0.0,5,0,0.0,-46.29168219612923,-93.19479990966553
0.0,5,1,0.0,-30.787165788540324,-91.66013740329777
0.0,5,2,0.0,-15.371536373317952,-90.75022384234171
0.0,5,3,0.0,0.0,-90.44870500000002
0.0,5,4,0.0,15.371536373317953,-90.75022384234171
0.0,5,5,0.0,30.787165788540328,-91.66013740329777
0.0,5,6,0.0,46.29168219612923,-93.19479990966553
0.0,6,0,0.0,0.005015224437507015,-351.14150900000004
0.0,6,1,0.0,0.0037959915736962557,-351.14150900000004
0.0,6,2,0.0,0.0020347372501188232,-351.14150900000004
0.0,6,3,0.0,0.0,-351.14150900000004
0.0,6,4,0.0,-0.0020347372501152705,-351.14150900000004
0.0,6,5,0.0,-0.0037959915736962557,-351.14150900000004
0.0,6,6,0.0,-0.005015224437507015,-351.14150900000004
1.0,0,0,0.0,214.0,-351.14151
1.0,0,1,0.0,214.0,-351.14151
1.0,0,2,0.0,214.0,-351.14151
1.0,0,3,0.0,214.0,-351.14151
1.0,0,4,0.0,214.0,-351.14151
1.0,0,5,0.0,214.0,-351.14151
1.0,0,6,0.0,214.0,-351.14151
1.0,1,0,0.0,182.41780168776978,-13.193056911207236
1.0,1,1,0.0,187.45589808720604,-13.941373093814377
1.0,1,2,0.0,192.47310600809607,-14.707853842679413
1.0,1,3,0.0,197.46860683359083,-15.492179785140081
1.0,1,4,0.0,202.4416004268419,-16.294021640589392
1.0,1,5,0.0,207.39130587126104,-17.113040744224293
1.0,1,6,0.0,212.31696216458033,-17.94888959071676
1.0,2,0,0.0,67.41130641014797,-297.86936190309063
1.0,2,1,0.0,74.35938065419957,-299.0716761146537
1.0,2,2,0.0,81.26156031431728,-300.387908728467
1.0,2,3,0.0,88.11782692093576,-301.81707090350375
1.0,2,4,0.0,94.92813031904402,-303.35825310962946
1.0,2,5,0.0,101.69239416813846,-305.0106160470361
1.0,2,6,0.0,108.41052095577095,-306.7733818729751
1.0,3,0,0.0,37.659627283226826,211.47682599413469
1.0,3,1,0.0,65.2969404085374,209.59342851768696
1.0,3,2,0.0,92.78372628176778,206.70804862787713
1.0,3,3,0.0,120.08169855889871,202.8315536289461
1.0,3,4,0.0,147.1522501310597,197.97653315605857
1.0,3,5,0.0,173.9565531550989,192.15746348215373
1.0,3,6,0.0,200.45569086798923,185.39086751335094
1.0,4,0,0.0,-41.51767589393768,-285.9701578129114
1.0,4,1,0.0,-30.08091197473746,-285.0454684544517
1.0,4,2,0.0,-18.57691206756239,-284.41734145571377
1.0,4,3,0.0,-7.0070656897006245,-284.08646814239614
1.0,4,4,0.0,4.62674969805559,-284.0555586517355
1.0,4,5,0.0,16.322068750276202,-284.3292934698027
1.0,4,6,0.0,28.075718825789437,-284.9143464188343
1.0,5,0,0.0,-106.55155808864073,-105.30980833237729
1.0,5,1,0.0,-92.06802439259567,-101.46910503775715
1.0,5,2,0.0,-77.4281354529351,-98.19839722475558
1.0,5,3,0.0,-62.58872407732232,-95.48867626460691
1.0,5,4,0.0,-47.504974263819335,-93.34136785723163
1.0,5,5,0.0,-32.129592216008916,-91.76833179641821
1.0,5,6,0.0,-16.411932073347586,-90.79244560768072
1.0,6,0,0.0,-53.50020978036349,-351.14150900000004
1.0,6,1,0.0,-53.500190451879185,-351.14150900000004
1.0,6,2,0.0,-53.50025253712229,-351.14150900000004
1.0,6,3,0.0,-53.500306676846506,-351.14150900000004
1.0,6,4,0.0,-53.50035895747953,-351.14150900000004
1.0,6,5,0.0,-53.500414192248726,-351.14150900000004
1.0,6,6,0.0,-53.50046299402335,-351.14150900000004
