wavelength_nm,M1_reflectivity_fraction,after_M1_cumulative_fraction,M2_reflectivity_fraction,after_M2_cumulative_fraction,M3_reflectivity_fraction,after_M3_cumulative_fraction,M4_reflectivity_fraction,after_M4_cumulative_fraction,M5_reflectivity_fraction,after_M5_cumulative_fraction
12.5,0.040898145849818726,0.040898145849818726,0.06528204304892382,0.0026699145179890312,0.03656013433790507,9.761243344840205e-05,0.12641913219248885,1.234007912774406e-05,0.0656509510446994,8.10137930703242e-07
12.505,0.0410196124422703,0.0410196124422703,0.06668240292603872,0.0027352863247454193,0.03887626132300913,0.00010633770595405613,0.12657426103080416,1.3459616550845598e-05,0.0669972115841865,9.017567778990211e-07
12.51,0.041529959332785346,0.041529959332785346,0.06786469687980207,0.002818418101549984,0.04127212983721171,0.00011632211782271868,0.12740944597076867,1.4820536585939063e-05,0.0681219465412857,1.0096038010205098e-06
12.515,0.042444972897588154,0.042444972897588154,0.06881614294543466,0.0029208993222355263,0.04372267666694958,0.0001277095366428161,0.12900930698361787,1.6475718817488656e-05,0.06901299297067945,1.1370386669382357e-06
12.52,0.043774539875861475,0.043774539875861475,0.06952646128124104,0.0030434888517832247,0.0462020984686468,0.00014061557161831732,0.13144605377480728,1.8483361988516604e-05,0.0696607319890565,1.2875645257387698e-06
12.525,0.04552237674111566,0.04552237674111566,0.06998803372989812,0.0031860216388223325,0.04868418016965728,0.0001551088514888532,0.13477721368724563,2.0905138821896413e-05,0.07005824598344282,1.464577357902439e-06
12.53,0.04768589793328652,0.04768589793328652,0.07019605386012187,0.003347361859693255,0.05114261570419336,0.00017119284121316615,0.1390439169195023,2.3803323190857024e-05,0.07020146622977905,1.6710281891394657e-06
12.535,0.050256225934096274,0.050256225934096274,0.07014866697135078,0.0035254072562878815,0.05355131736432992,0.00018879020281998394,0.1442698217487,2.7236728908740005e-05,0.0700893102068297,1.9090035415040044e-06
12.54,0.053218340220585234,0.053218340220585234,0.06984709873104267,0.0037171466636894356,0.055884711036904046,0.00020773166718207606,0.15046071429501914,3.125545502591035e-05,0.06972380705062925,2.1792493155061933e-06
12.545,0.05655135648613847,0.05655135648613847,0.0692957702075902,0.003918769803990967,0.058118015557480036,0.00022775112443452998,0.15760477089684943,3.5894663788003945e-05,0.06911020866896572,2.4806877044913203e-06
12.55,0.06022892255459237,0.06022892255459237,0.06850239609463551,0.004125825509187813,0.06022750529794396,0.0002484881777130014,0.16567343154593306,4.116788910030858e-05,0.06825708305858114,2.81000002566622e-06
12.555,0.06421971344193145,0.06421971344193145,0.06747806193532646,0.004333421801103568,0.06219075587820604,0.0002694987773497279,0.17462280300475302,4.706063190716333e-05,0.06717638538278259,3.1613631453528785e-06
12.56,0.06848800525695425,0.06848800525695425,0.06623727519751736,0.004536458851933895,0.06398687352708121,0.0002902738188195022,0.1843954908316541,5.352518329680074e-05,0.06588350142608183,3.526426490066063e-06
12.565,0.07299430618433306,0.07299430618433306,0.06479798418214745,0.004729883897519241,0.06559670909306423,0.00031026481806953847,0.19492274948447108,6.0477671406413644e-05,0.06439725720689668,3.8945961608330006e-06
12.57,0.07769602265873318,0.07769602265873318,0.06318155803552257,0.004908955764742027,0.06700305801042991,0.00032891504787564436,0.20612683705645676,6.779821847887962e-05,0.06273988786999565,4.253652625150375e-06
12.575,0.08254813991703358,0.08254813991703358,0.06141272065846125,0.005069505857600358,0.06819084765382666,0.0003456939016158079,0.21792346413921354,7.533481257191733e-05,0.060936958575466944,4.590674352985492e-06
12.58,0.0875038982309908,0.0875038982309908,0.059519431142866244,0.005208182245491833,0.06914731346543303,0.00036013181031412664,0.23022423344893847,8.291106997014832e-05,0.059017230032814325,4.893181688695007e-06
12.585,0.09251544904565773,0.09251544904565773,0.057532703601517285,0.005322663908505101,0.06986216501665403,0.00037185282430417206,0.24293897742370224,9.033754488857117e-05,0.057012461678814935,5.150365816117888e-06
12.59,0.09753447872742149,0.09753447872742149,0.05548635996594185,0.005411833195760207,0.07032774277959997,0.00038060201295752433,0.2559779145791494,9.742570956149349e-05,0.05495714633949017,5.354238977599664e-06
12.595,0.1025127914057963,0.1025127914057963,0.05341671057232015,0.00547589610848405,0.07053916584376285,0.000386265143739572,0.2692535615693076,0.00010400326566196029,0.05288817160694152,5.500542562012084e-06
12.6,0.10740284624363665,0.10740284624363665,0.051362159174631064,0.0055164420845740915,0.07049447013584648,0.00038887866178713497,0.28268235594333324,0.00010992913629007799,0.050844405131191435,5.589281541254684e-06
12.605,0.11215824819237369,0.11215824819237369,0.04936273142158297,0.005536437482235386,0.07019473590530395,0.00038862876692173886,0.29618596347400894,0.00011510638576443128,0.04886620356927138,5.62481207888778e-06
12.61,0.1167341947251566,0.1167341947251566,0.04745952876973969,0.005540149872970965,0.06964420234954743,0.0003858393188000094,0.3096922623755799,0.00011949145155262754,0.04699484799600204,5.615482602537373e-06
12.615,0.12108788407697221,0.12108788407697221,0.04569411318784665,0.005533003480690022,0.06885036630216193,0.000380949316396645,0.32313601342431686,0.0001230984434171306,0.045271912057858577,5.572901904839617e-06
12.62,0.1251788930779809,0.1251788930779809,0.044107831690489,0.005521369547085301,0.06782406093333102,0.0003744817045969517,0.33645923885368145,0.00012599782929331957,0.04373857288197372,5.510965239516341e-06
12.625,0.12896953469660077,0.12896953469660077,0.04274109352188836,0.005512298943941839,0.06657950946121677,0.0003670061596912309,0.3496113432127673,0.00012830951645701063,0.04243487852330971,5.444798744237854e-06
12.63,0.1324252068789251,0.1324252068789251,0.041632616447290785,0.005513207845943421,0.06513434800272183,0.0003590991984490152,0.36254901589864286,0.0001301910610076819,0.04139898928887434,5.389778340164209e-06
12.635,0.13551474515508843,0.13551474515508843,0.04081866182368121,0.005531530554607897,0.06350961096747884,0.00035130535357787,0.3752359579739783,0.00013182240089117922,0.04066641333803507,5.360744241852857e-06
12.64,0.13821079174551829,0.13821079174551829,0.04033228063034619,0.005574356438822578,0.061729671893945154,0.0003441031939884183,0.3876424756560529,0.0001333890139988255,0.04026925924152201,5.3714767846897125e-06
12.645,0.14049019348772257,0.14049019348772257,0.04020259417940593,0.0056480702349731285,0.059822132420480276,0.0003378796055167356,0.3997449802032978,0.00013506567621838556,0.04023552943493686,5.434438991134504e-06
12.65,0.1423344397364585,0.1423344397364585,0.04045413358351395,0.005758016438633309,0.05781765225794293,0.00033291499214441964,0.41152542958600913,0.00013700298515785514,0.04058847852966711,5.560742721579905e-06
12.655,0.1437301493536031,0.1437301493536031,0.041106261097211064,0.005908209046870351,0.05574971365993954,0.00032938096260608636,0.42297074202578566,0.00013931851016266391,0.04134605913392204,5.760271359635421e-06
12.66,0.1446696128547175,0.1446696128547175,0.042172694135483926,0.0061011073336208746,0.053654315035741904,0.0003273507349449697,0.4340722058351827,0.00014209385559933122,0.042520475183262865,6.0418982607055e-06
12.665,0.14515139154979595,0.14515139154979595,0.0436611491873171,0.00633747656120232,0.05156959006098484,0.0003268210682823035,0.44482490445658146,0.00014537815047307355,0.04411785889277266,6.41377272866333e-06
12.67,0.1451809699353249,0.1451809699353249,0.045573118176699144,0.006616349499870367,0.049535350922440546,0.00032774319430159263,0.4552271705134038,0.00014919760699693874,0.04613808254303279,6.883691506847726e-06
12.675,0.1447714505208348,0.1447714505208348,0.0479037843726617,0.006935100349067531,0.047592557153885676,0.000330059159730929,0.46528007824260265,0.00015356995166429434,0.048574710715555094,7.459615976694876e-06
12.68,0.14394427163909,0.14394427163909,0.05064207908217358,0.0072896371877726705,0.04578271479926957,0.00033373938035794566,0.4749869799624143,0.0001585218603707481,0.05141509268275913,8.150416143205415e-06
12.685,0.1427299186683278,0.1427299186683278,0.053770874482672815,0.007674712541636753,0.04414721424218282,0.0003388171788228052,0.4843530892502802,0.00016410714725389032,0.054640588844278554,8.966911159507297e-06
12.69,0.14116858777954314,0.14116858777954314,0.057267302471000314,0.008084344215775056,0.042726618778368086,0.00034541669338052593,0.4933851112163186,0.0001704234536795238,0.058226919784642756,9.923232766819413e-06
12.695,0.13931074940755828,0.13931074940755828,0.06110318468741141,0.008512330449991723,0.04155991964565521,0.00035377176949892005,0.5020909185785639,0.00017762559271487674,0.062144622055706346,1.1038475326686841e-05
12.7,0.1372175471101536,0.1372175471101536,0.06524555520680585,0.008952835045318009,0.04068377649537628,0.00036423513998368987,0.5104792710840508,0.0001859344887620712,0.06635959142656346,1.2338536706357999e-05
12.705,0.1349609577333406,0.1349609577333406,0.0696572549653876,0.009401009843204206,0.040131764911243165,0.00037727911695575417,0.5185595750790354,0.00019564169857476957,0.07083369225728794,1.3858023869538318e-05
12.71,0.13262363266922325,0.13262363266922325,0.07429757589039399,0.00985361441310135,0.039933654290600834,0.0003934908314856709,0.5263416796209557,0.00020711062515961447,0.07552541089311139,1.5642115065509055e-05
12.715,0.1302983396078144,0.1302983396078144,0.07912293289676471,0.010309586781348959,0.04011473997711812,0.0004135663930053476,0.533835705364958,0.00022077650712525114,0.08039053148968706,1.774834074823562e-05
12.72,0.12808693174675495,0.12808693174675495,0.08408754328651744,0.010770515417692462,0.040695252823642655,0.00043830884796393593,0.5410519024794991,0.00023714783606448506,0.08538281432638442,2.024834965459778e-05
12.725,0.12609878882354214,0.12609878882354214,0.08914409544106114,0.011240962465888054,0.04168986731511839,0.000468634233697099,0.5480005339932222,0.00025681181031351477,0.09045465923486007,2.32298247893965e-05
12.73,0.12444870265841207,0.12444870265841207,0.09424439179504683,0.011728592291724673,0.04310732605051733,0.0005055882520329598,0.5546917812049192,0.0002804456480764441,0.09555774001909627,2.6798752328375812e-05
12.735,0.12325421888112464,0.12325421888112464,0.09933995466542274,0.012244068515973013,0.04495019393950449,0.0005503732544015678,0.5611356680650088,0.0003088340637937368,0.10064359941269277,3.108217180145085e-05
12.74,0.12263249409494575,0.12263249409494575,0.1043825873304038,0.012800697024410904,0.04721475018678445,0.0006043817122242758,0.5673420017363144,0.0003428911304261418,0.10566419796338063,3.623131628523521e-05
12.745,0.12269677981777591,0.12269677981777591,0.10932488658431828,0.013413811537839423,0.049891020367132985,0.0006692287446352301,0.5733203268448288,0.0003836824426082246,0.11057241403716422,4.242469390286711e-05
12.75,0.12355269520534642,0.12355269520534642,0.11412070664880991,0.014099920885199162,0.05296294503557654,0.0007467733348487809,0.5790798912259723,0.0004324414215146886,0.11532249571856908,4.98702239811596e-05
12.755,0.1252944927075904,0.1252944927075904,0.11872557765458916,0.014875661023647381,0.05640867577520975,0.0008391163396248498,0.5846296212496709,0.0004905722678192862,0.11987046861721229,5.8805127634106406e-05
12.76,0.12800154729568963,0.12800154729568963,0.12309708482160206,0.015756617324753815,0.06020098473206559,0.0009485638789965045,0.5899781050642907,0.0005596319198627909,0.12417450638502332,6.949201740626498e-05
12.765,0.13173530492991445,0.13173530492991445,0.12719521689665603,0.016756100683507587,0.06430776982583691,0.0010775474659335544,0.5951335823321917,0.0006412846835340115,0.1281952730491161,8.220966510785861e-05
12.77,0.13653690640641866,0.13653690640641866,0.1309826943232152,0.017883971875669376,0.06869263516721014,0.0012284971553960032,0.6001039392377431,0.0007372259822955033,0.13189624804493133,9.723734102601585e-05
12.775,0.1424256591158169,0.1424256591158169,0.13442528900199407,0.019145610387943178,0.07331552485937073,0.0014036704743450746,0.6048967077331102,0.0008490756486735088,0.1352440460787459,0.0001148324261535411
12.78,0.14939846586951894,0.14939846586951894,0.137492148341265,0.020541116031289313,0.07813338830681671,0.0016049469951281057,0.6095190681481981,0.0009782457968977335,0.13820874464541713,0.00013520212354389144
12.785,0.15743024430830876,0.15743024430830876,0.14015613657283754,0.022064814821970504,0.08310085629670128,0.0018336050057338952,0.6139778544316163,0.0011257928672955685,0.14076423215217387,0.0001584713685272549
12.79,0.16647529191177707,0.16647529191177707,0.14239420598454938,0.023705117007823573,0.08817090927698196,0.002090101721097054,0.6182795614104608,0.0012922671754231358,0.1428885891070445,0.00018465023344555744
12.795,0.17646947991285378,0.17646947991285378,0.1441878097251253,0.02544474779196638,0.09329552220209546,0.002373881032552119,0.6224303535605269,0.001477575610402044,0.14456451364479622,0.00021360499949118442
12.8,0.18733310269771453,0.18733310269771453,0.1455233660707838,0.02726134368105525,0.09842627379725036,0.002683232477232485,0.626436074867206,0.0016808736209937276,0.1457798006725583,0.00024503742142422693
12.805,0.19897417306263843,0.19897417306263843,0.1463927813666541,0.029128382614769622,0.10351491185495038,0.0030152219588451463,0.6303022594323213,0.0019005012133500455,0.14652788097482664,0.00027847641558226906
12.81,0.21129194021200132,0.21129194021200132,0.14679403510075537,0.031016396487987225,0.10851386999223257,0.003365709216124985,0.6340341425457785,0.002133974556904229,0.14680842254727422,0.00031328543845512833
12.815,0.22418041554684393,0.22418041554684393,0.14673182554659703,0.03289440162498313,0.11337673497064645,0.003729459855053714,0.6376366719941711,0.002378040370312314,0.14662799104279267,0.0003486872821175533
12.82,0.23753171737819795,0.23753171737819795,0.14621826794216436,0.0347314762963678,0.11805866706271659,0.00410035179666952,0.6411145194232113,0.0026287950715878803,0.14600075933870732,0.000383806076597682
12.825,0.25123908427304126,0.25123908427304126,0.14527362912373795,0.03649841355006934,0.12251677893220614,0.004471668064290082,0.6444720916080848,0.0028818652703701047,0.14494924775783857,0.00041772420307958674
12.83,0.26519945175556914,0.26519945175556914,0.14392707287022527,0.03816938081796759,0.1267104810147474,0.004836460603479747,0.6477135415167701,0.003132641025886202,0.1435050664039911,0.00044954985843966624
12.835,0.2793155328456157,0.2793155328456157,0.1422173790795127,0.03972352301750101,0.13060180340452204,0.005187963743666674,0.6508427790768205,0.003376548740677804,0.1417096196068882,0.00047848943762556894
12.84,0.29349738478877585,0.29349738478877585,0.14019358769609536,0.04114645135295989,0.13415570575734606,0.005520031220666641,0.6538634815771605,0.0036093468323597127,0.139614720100334,0.0005039179477449284
12.845,0.30766347913989867,0.30766347913989867,0.13791550579525397,0.04243156434030669,0.13734038770314622,0.005827567497348715,0.6567791036535484,0.0038274245573892414,0.13728304814434017,0.0005254405097808971
12.85,0.32174131844954273,0.32174131844954273,0.13545400459190643,0.04358115002667039,0.1401276127099277,0.006106922512390524,0.6595928868202298,0.004028082649535116,0.13478837965872217,0.0005429387334622508
12.855,0.3356676598749895,0.3356676598749895,0.13289102404358732,0.04460721905910192,0.14249305822980177,0.006356219062858133,0.6623078685216188,0.004209773899378052,0.13221549934669874,0.0005565973582429682
12.86,0.34938841482376487,0.34938841482376487,0.13031919825799956,0.045532018100466407,0.14441670423103742,0.006575583991057299,0.664926890686653,0.004372282617622662,0.12965971194957576,0.0005669089047630915
12.865,0.3628582956290563,0.3628582956290563,0.12784101748934676,0.04638817371766874,0.14588327079257624,0.006767258508027737,0.6674526077756091,0.0045168243386747905,0.12722586961402127,0.0005746569043816767
12.87,0.37604027693847525,0.37604027693847525,0.12556745450596735,0.047218420366883354,0.14688271318445356,0.006935569695771888,0.669887494314624,0.004646051405145069,0.12502684819181123,0.0005808811637224239
12.875,0.38890493267318904,0.38890493267318904,0.1236160064719431,0.04807487467429953,0.14741077962090854,0.007086754755915965,0.6722338519172821,0.004763956447162508,0.12318143185021461,0.000586830976433539
12.88,0.40142970060551736,0.40142970060551736,0.12210813911021362,0.04901783372450992,0.14746963246717215,0.007228641923690434,0.6744938157957916,0.004875674274131392,0.12181160417192072,0.00059391370475171
12.885,0.4135981170444377,0.4135981170444377,0.1211661670512312,0.050114098541881015,0.14706852791383374,0.007370206700283243,0.6766693607663645,0.004987193056596639,0.12103929368096555,0.0006036463250210729
12.89,0.42539905472287465,0.42539905472287465,0.12090965999977053,0.051434855070766554,0.14622454183606617,0.007521038117127304,0.6787623067549364,0.005104997181573132,0.12098267890245284,0.000617616234816189
12.895,0.4368259883553343,0.4368259883553343,0.12145152337801723,0.05305318173686337,0.1449633206325024,0.0076907653946953446,0.6807743238100228,0.005235675611155247,0.12175221675366234,0.0006374551118612372
12.9,0.4478763048260555,0.4478763048260555,0.12289395703972092,0.055041291364402216,0.14331982532980503,0.007888508264273031,0.6827069366300501,0.005385539311682675,0.12344661046388038,0.0006648265735472057
12.905,0.458550668719096,0.458550668719096,0.1253245379083195,0.0574676506647716,0.14133902540118848,0.00812242173705478,0.6845615286120885,0.005560297440350275,0.12614897065438574,0.0007014257986324029
12.91,0.4688524489137518,0.4688524489137518,0.12881269362708703,0.06039414685823658,0.1390764861464856,0.008399405728858356,0.6863393454286245,0.005764842629934083,0.12992343770025805,0.0007489881722820326
12.915,0.47878720814666165,0.47878720814666165,0.13340682819373462,0.06387348281857955,0.13659878108411116,0.008725039896614883,0.6880414981381692,0.006003189521782201,0.13481251955061424,0.0008093051047713055
12.92,0.4883622546423332,0.4883622546423332,0.13913232445088602,0.06794697566246331,0.13398365004451512,0.00910378380874267,0.6896689658344135,0.006278597164555636,0.14083535536523945,0.0008842484628653778
12.925,0.49758625296997067,0.49758625296997067,0.14599058436753198,0.07264290784433662,0.1313198164436799,0.00953945332405344,0.6912225978374607,0.006593885708601418,0.14798704510754243,0.0009758096617927774
12.93,0.5064688900312322,0.5064688900312322,0.15395918331323688,0.07797553668277009,0.12870637586555067,0.010035948732610642,0.6927031154291104,0.006951932953366224,0.15623909680602382,0.0010861637256899725
12.935,0.515020591366977,0.515020591366977,0.1629931198819582,0.08394481299035468,0.12625167509062946,0.01059817325520191,0.694111113132714,0.007356309835341557,0.1655409481397733,0.001217770504952381
12.94,0.5232522826573263,0.5232522826573263,0.17302705100220492,0.09053679939836934,0.12407161837978828,0.011233047224281926,0.6954470595361466,0.007811989661757539,0.17582243011729787,0.0013735230063814182
12.945,0.5311751912666266,0.5311751912666266,0.18397832519903876,0.09772472207651305,0.12228736774002219,0.011950499025862015,0.69671129765472,0.008326047683929791,0.1869969694445437,0.0015569456843456328
12.95,0.538800682861517,0.538800682861517,0.19575057417384745,0.10547054303540306,0.12102244628637568,0.01276430312929694,0.6979040448286193,0.008908258783354939,0.1989652808685859,0.0017724342108802627
12.955,0.546140128436605,0.546140128436605,0.20823759913181025,0.1137269091351771,0.1203993069176748,0.013692641037764701,0.6990253921474545,0.0095715037709578,0.21161928483786072,0.0020255147828329764
12.96,0.5532047974634229,0.5532047974634229,0.22132729341866997,0.1224393205288029,0.1205354881904182,0.01475828327364235,0.7000753033920122,0.010331909640340427,0.22484599792600074,0.0023230885335636105
12.965,0.5600057732954206,0.5600057732954206,0.2349053726698239,0.13154836487321367,0.12153953893878627,0.01598832761484162,0.7010536134809137,0.011208674847901395,0.23853117836684073,0.002673618419400689
12.97,0.5665538873865673,0.5665538873865673,0.24885873060044206,0.14099188123176695,0.12350694443850488,0.01741347644157212,0.7019600264073022,0.0122235643827689,0.25256255906144087,0.003087214701364395
12.975,0.5728596692942901,0.5728596692942901,0.26307829440016917,0.1507069447285868,0.12651632070596827,0.019066888151898522,0.7027941126478164,0.013400096739668686,0.2668325571587317,0.0035755820792201794
12.98,0.5789333098275788,0.5789333098275788,0.2774613105100611,0.16063159484268727,0.13062615191312862,0.020982687109968996,0.7035553060232995,0.014762480850845378,0.281240405190912,0.004151806096114833
12.985,0.5847846350598587,0.5847846350598587,0.2919130430146588,0.17070626232854008,0.13587232392221374,0.02319425657065379,0.7042428999874977,0.016334390510371298,0.2956936979680408,0.004829976334065763
12.99,0.5904230892512762,0.5904230892512762,0.30634790881533663,0.1808748787084193,0.14226665418937562,0.02573246382075595,0.7048560433168016,0.018137682633490786,0.310109388440582,0.005624665669201193
12.995,0.5958577250148056,0.5958577250148056,0.32069010421800725,0.19108567593410272,0.14979653960232253,0.028623973022499388,0.705393735170572,0.020191171245762533,0.32441429311428677,0.006550304546843565
13.0,0.6010971993160102,0.6010971993160102,0.33487379650589294,0.2012917012040118,0.15842574884767524,0.03188978850006806,0.7058548194879719,0.022509560905225143,0.33854518369102327,0.007620503431463722
13.005,0.6061497741194727,0.6061497741194727,0.34884296275284876,0.2114510830758069,0.1680962874309455,0.035544142038295576,0.7062379786832992,0.02510262302715795,0.352448547937048,0.008847383035332924
13.01,0.6110233206880524,0.6110233206880524,0.36255095860287045,0.22152709064416254,0.17873117494307833,0.03959379719255299,0.706541726597805,0.02797466983098971,0.3660801014929006,0.010240969970959099
13.015,0.6157253267073692,0.6157253267073692,0.37595989429406285,0.23148802874307986,0.1902379070495698,0.04403779809511417,0.7067644006616343,0.031124347977151426,0.37940412573129223,0.01180870603322765
13.02,0.6202629055499013,0.6202629055499013,0.3890398860312118,0.24130701008452188,0.2025123363459572,0.04886764638887398,0.7069041532150562,0.03454474219013976,0.3923926969586744,0.013555104553731046
13.025,0.6246428071138649,0.6246428071138649,0.40176823976837733,0.25096164109811553,0.21544269889334722,0.05406785327688158,0.7069589419333804,0.03822375234523345,0.4050248609923803,0.015481569980235348
13.03,0.6288714297741657,0.6288714297741657,0.4141286129832245,0.2604336529571525,0.22891353414002802,0.05961678790741933,0.7069265192951619,0.042144688366949845,0.41728579574279784,0.017586379821534902
13.035,0.6329548330687365,0.6329548330687365,0.42611018910399234,0.2697085036132052,0.24280928846720318,0.06548772985587645,0.7068044210281301,0.04628701698522934,0.42916599377854414,0.019864813643510303
13.04,0.6368987508156252,0.6368987508156252,0.4377068894993676,0.2787749711455401,0.2570174481572178,0.07165003169392874,0.7065899534621631,0.05062719256017562,0.4406604874738909,0.022309403353001533
13.045,0.6407086044165158,0.6407086044165158,0.4489166396660641,0.28762475369979584,0.27143110737349674,0.07807030540476484,0.7062801797133667,0.05513950933155473,0.45176813147215095,0.024910273101007713
13.05,0.6443895161522971,0.6443895161522971,0.4597406995273474,0.296252086923946,0.2859509332483991,0.08471356073268821,0.7058719046181399,0.05979692246136709,0.46249095087808584,0.027655535528740834
13.055,0.6479463223178517,0.6479463223178517,0.47018306251928177,0.30465338617551313,0.3004865380513254,0.09154424131749346,0.7053616583309525,0.0645717978663561,0.4728335587214955,0.030531712978194226
13.06,0.6513835860773789,0.6513835860773789,0.48024992423195645,0.3128269178596013,0.31495730472772243,0.09852712289534064,0.70474567849483,0.06943656407502034,0.482802642639482,0.03352415663122554
13.065,0.6547056099495945,0.6547056099495945,0.4899492185924058,0.3207725020028682,0.3292927361230393,0.10562805485755757,0.7040198908891724,0.07436425165565319,0.49240651820459613,0.03661744223665056
13.07,0.6579164478551205,0.6579164478551205,0.49929021771662274,0.3284912464889302,0.34343241085328857,0.11281454072589515,0.7031798884558749,0.07932891616383571,0.5016547446734467,0.039795727183390264
13.075,0.6610199166769328,0.6610199166769328,0.5082831904225104,0.3359853121813734,0.35732563200076367,0.12005616401818313,0.7022209086023012,0.08430594858015546,0.510557797953267,0.04304305946144552
13.08,0.6640196072997466,0.6640196072997466,0.5169391138098446,0.343257707349892,0.370930850992969,0.12732487349719096,0.701137808678222,0.08927228279405229,0.5191267951155247,0.046343634059523166
13.085,0.6669188951062517,0.6669188951062517,0.5252694321289,0.3503121093084942,0.3842149405533548,0.13459514625308344,0.6999250395250357,0.09420651306106739,0.5273732646843213,0.049681996347541266
13.09,0.6697209499175969,0.6697209499175969,0.533285857256304,0.3571527108993119,0.39715237959104294,0.14184404901105352,0.698576616998638,0.09908893589953077,0.5353089570803882,0.05304319493458325
13.095,0.6724287453730499,0.6724287453730499,0.5410002053796534,0.36378408935000267,0.4097244009842192,0.14905121809651953,0.6970860913743537,0.10390153103748914,0.54294568991982,0.05641288845287513
13.1,0.675045067749438,0.675045067749438,0.5484242648895931,0.37021109504783106,0.42191814159908914,0.15619877722194464,0.6954465145534598,0.10862789519651375,0.5502952232835108,0.05977741184198334
13.105,0.677572524225409,0.677572524225409,0.5555696909353223,0.37643875787017667,0.4337258233352047,0.16327121019252414,0.6936504050076373,0.11325314107613145,0.5573691605389757,0.06312380817000557
13.11,0.6800135505986941,0.6800135505986941,0.5624479225787161,0.38247220885961214,0.44514398490772333,0.1702552031682268,0.6916897104217334,0.11776377217722418,0.5641788707761327,0.0664398320052841
13.115,0.6823704184668886,0.6823704184668886,0.5690701189569829,0.38831661520967853,0.45617277661304667,0.1771394685651791,0.6895557680281048,0.1221475422945524,0.5707354293886876,0.06971393000025423
13.12,0.6846452418836343,0.6846452418836343,0.5754471113166242,0.3939771267186088,0.4668153244419654,0.18391456023186067,0.6872392626700335,0.1263933067680274,0.5770495737777002,0.07293520379884431
13.125,0.6868399835030519,0.6868399835030519,0.5815893682020106,0.3994588320614193,0.477077165460134,0.19057268731787763,0.6847301826899428,0.1304908710028837,0.5831316715648732,0.07609335973186782
13.13,0.688956460225512,0.688956460225512,0.5875069714647364,0.4047667234181557,0.48696575316891233,0.19710753232703504,0.6820177738134481,0.1344308403995467,0.588991699075371,0.07917864909505903
13.135,0.6909963483577838,0.6909963483577838,0.5932096011025816,0.40990566817266144,0.49649002937371123,0.2035140772314954,0.679090491296932,0.13820447469297797,0.5946392281821966,0.08218180216275835
13.14,0.6929611883001645,0.6929611883001645,0.5987065272402365,0.41488038655945914,0.5056600577106996,0.20978844021069346,0.6759359507286133,0.14180354878568793,0.600083419897228,0.08509395850887903
13.145,0.6948523887724224,0.6948523887724224,0.6040066078291702,0.4196954342844266,0.5144867132263413,0.21592772454109657,0.6725408780265192,0.14522022145313745,0.6053330233497947,0.0879065957037544
13.15,0.6966712305895191,0.6966712305895191,0.609118290874372,0.42435518927803334,0.522981422105629,0.22192988036652925,0.6688910593677309,0.14844691278372152,0.6103963790152218,0.09061145803917206
13.155,0.6984188699968361,0.6984188699968361,0.6140496201937968,0.42886384185773796,0.5311559456701478,0.22779357948567952,0.664971292018606,0.15147619086413536,0.61528142524615,0.09320048660574305
13.16,0.7000963415734243,0.7000963415734243,0.6188082438860506,0.4332253876800993,0.5390222030110919,0.2335181028676615,0.6607653373235837,0.15430066801251366,0.6199957073221275,0.09566575180469518
13.165,0.7017045607102517,0.7017045607102517,0.6234014248261288,0.4374436229537637,0.5465921270028358,0.23910324031412422,0.6562558774593235,0.15691290677571307,0.6245463883711748,0.09799938921559444
13.17,0.7032443256689994,0.7032443256689994,0.6278360526311328,0.44152214146326746,0.5538775488998078,0.24454920149866877,0.6514244779801679,0.15930533592673718,0.6289402616338227,0.10019353965742608
13.175,0.7047163192251222,0.7047163192251222,0.6321186566408137,0.44546433302144306,0.5608901072086204,0.24985653750601378,0.6462515586801623,0.16147017680968984,0.6331837636384835,0.10224029426773079
13.18,0.7061211098972744,0.7061211098972744,0.6362554195440897,0.4492733830266286,0.5676411770187388,0.25502607194442617,0.6407163758837997,0.1633993805721139,0.637282987939374,0.10413164547843964
13.185,0.7074591527632993,0.7074591527632993,0.6402521913548443,0.45295227285074396,0.5741418164478966,0.2600588406987294,0.6347970199599657,0.1650845770897969,0.6412436991369843,0.10585944488352601
13.19,0.708730789860927,0.708730789860927,0.6441145035001705,0.4565037808265547,0.5804027273004246,0.26495603941468765,0.6284704326344789,0.1665170367200668,0.6450713469581886,0.10741536916849963
13.195,0.7099362501694434,0.7099362501694434,0.6478475828341937,0.45993048363864536,0.58643422744104,0.2697189778492129,0.6217124495546464,0.16768764641000958,0.6487710802205094,0.10879089550105675
13.2,0.7110756491662935,0.7110756491662935,0.6514563654313498,0.46323475795261115,0.5922462327498907,0.27434904027624146,0.6144978745244047,0.1685869021275607,0.652347760543892,0.10997728805994651
13.205,0.7121489879503985,0.7121489879503985,0.6549455100469668,0.46641878214260496,0.5978482468471291,0.2788476512005294,0.6068005928594411,0.16920492006594387,0.6558059757055217,0.11096559769802113
13.21,0.7131561519215486,0.7131561519215486,0.6583194111604288,0.46948453799843115,0.6032493570580256,0.28321624569623777,0.5985937323697267,0.16953146957905252,0.6591500525592786,0.11174667708348421
13.215,0.7140969090027333,0.7140969090027333,0.6615822115387029,0.47243381231098014,0.6084582353354095,0.28745624375151907,0.5898498815022114,0.16955603131390432,0.6623840694626764,0.11231121402364493
13.22,0.7149709073896087,0.7149709073896087,0.6647378142761751,0.47526819824922206,0.6134831430683758,0.2915690280623767,0.5805413750805275,0.1692678844822251,0.6655118681713429,0.11264978602317668
13.225,0.7157776728084789,0.7157776728084789,0.6677898942812999,0.477989096453689,0.618331938887699,0.2955559247773889,0.5706406587392715,0.16865622760926377,0.6685370651748087,0.11275293942935175
13.23,0.7165166052612032,0.7165166052612032,0.6707419091922192,0.4805977157808271,0.6230120887332398,0.29941818674903703,0.560120743405532,0.16771033735100702,0.6714630624583859,0.1126112967236362
13.235,0.7171869752322432,0.7171869752322432,0.6735971097126483,0.4830950736399957,0.6275306775797189,0.3031569788967307,0.548955760825437,0.16641976999979574,0.6742930576844038,0.11221569557229749
13.24,0.7177879193296657,0.7177879193296657,0.676358549366552,0.4854819958706484,0.6318944223277321,0.30677336533119776,0.5371216299246697,0.1647746100041691,0.6770300537929399,0.1115573630748333
13.245,0.7183184353283072,0.7183184353283072,0.6790290936755244,0.48775911611140127,0.6361096854598012,0.3102682979297741,0.5245968414550222,0.1627657690975853,0.6796768680270686,0.1106281281622638
13.25,0.7187773765794929,0.7187773765794929,0.6816114287669695,0.4899268746157222,0.640182489138853,0.31364260608751177,0.5113633646328861,0.16038533834113694,0.6822361403916577,0.10942067420526742
13.255,0.719163445747399,0.719163445747399,0.6841080694241113,0.4919855164706447,0.6441185294910867,0.3168969873999845,0.497407674071572,0.15762699342291456,0.6847103415572982,0.10792883250525381
13.26,0.7194751878279539,0.7194751878279539,0.6865213665910332,0.4939350891759873,0.64792319086893,0.3200319990610352,0.4827218880850348,0.154486450834371,0.6871017802229892,0.1061479153886276
13.265,0.7197109824012269,0.7197109824012269,0.6888535143471408,0.49577543954131836,0.6516015599340308,0.32304804978210283,0.46730500040280154,0.1509619690335498,0.689412609952164,0.10407508507493733
13.27,0.7198690350632507,0.7198690350632507,0.6911065563662868,0.497506209857285,0.6551584394366092,0.3259453920601211,0.4511641767438359,0.14705488447225135,0.6916448354974258,0.10170975137990325
13.275,0.7199473679778834,0.7199473679778834,0.6932823918759539,0.49912683329650454,0.6585983615974649,0.3287241146384089,0.43431607615741974,0.14277016760807557,0.6938003186293407,0.0990539877772472
13.28,0.7199438094833455,0.7199438094833455,0.6953827811317296,0.5006365284971008,0.6619256010231402,0.33138413501958197,0.4167881455673039,0.13811697910523663,0.6958807834844116,0.09611295163225217
13.285,0.7198559826821158,0.7198559826821158,0.6974093504218767,0.5020342932796361,0.6651441871045667,0.3339251919020992,0.39861982597341045,0.13310920188415246,0.6978878214468252,0.0928952909174568
13.29,0.7196812929361587,0.7196812929361587,0.6993635966159328,0.5033188974450367,0.6682579158652413,0.33634683742221133,0.379863601995727,0.12776592118307237,0.6998228955777053,0.08941351691849057
13.295,0.719416914182686,0.719416914182686,0.701246891270449,0.504488874597988,0.6712703612378057,0.33864842909184545,0.3605858246441767,0.1221118230685381,0.7016873446046618,0.08568432087379678
13.3,0.7190597739783351,0.7190597739783351,0.7030604843037354,0.5055425129365427,0.6741848857578778,0.34082912132987353,0.3408672417364912,0.11617748249118588,0.7034823864831465,0.08172881263850341
13.305,0.7186065371720352,0.7186065371720352,0.7048055072502781,0.5064778449449021,0.6770046506718055,0.3428878564899323,0.32080318168386746,0.10999951532273163,0.7052091215399454,0.07757266157056333
13.31,0.7180535880991901,0.7180535880991901,0.7064829761040661,0.507292635922519,0.6797326254611884,0.34482335529274066,0.30050335333536704,0.10362057457382125,0.7068685352076349,0.07324612376637052
13.315,0.7173970111815308,0.7173970111815308,0.7080937937585837,0.5079843712785992,0.6823715967914736,0.3466341065744905,0.28009124425093995,0.09708917821026197,0.7084615003573378,0.06878394486330315
13.32,0.7166325698092051,0.7166325698092051,0.7096387520496591,0.5085502425175445,0.6849241768954011,0.3483183562662858,0.25970311743215163,0.09045936298119725,0.7099887792355188,0.06422513269344292
13.325,0.7157556833735755,0.7157556833735755,0.7111185334057002,0.5089871318374117,0.6873928114044172,0.3498740955223892,0.23948661652212455,0.08379016334539559,0.7114510250089068,0.05961259759774542
13.33,0.7147614023116542,0.7147614023116542,0.7125337121080765,0.5092915952606972,0.6897797866428085,0.3512990479178993,0.21959898688013452,0.0771449150147265,0.7128487829198041,0.05499265877669952
13.335,0.7136443810161825,0.7136443810161825,0.7138847551627123,0.5094598442149829,0.6920872364001335,0.3525906556395901,0.20020490286073148,0.07059037796192576,0.7141824910523062,0.05041441197717196
13.34,0.7123988484593956,0.7123988484593956,0.7151720227818844,0.5094877254801911,0.6943171481981075,0.35374606459734653,0.18147386351899625,0.06419566504712089,0.715452480708004,0.045928947808662746
13.345,0.7110185763742709,0.7110185763742709,0.7163957684734801,0.5093706994205656,0.6964713690678508,0.35476210838849,0.16357708987048164,0.05803095328650557,0.7166589763877287,0.04158840358111118
13.35,0.7094968448348377,0.7094968448348377,0.7175561387327295,0.5091038164227406,0.6985516108532492,0.35563529105364233,0.14668384260853531,0.05216595105895312,0.7178020953739093,0.03744482897728935
13.355,0.7078264050781767,0.7078264050781767,0.7186531723293915,0.5086816914679406,0.7005594550554045,0.3563617685714419,0.1309570978603668,0.046668103000503704,0.7188818469058155,0.03354885207659293
13.36,0.7059994394158451,0.7059994394158451,0.7196867991810987,0.5080984767768395,0.7024963572322501,0.3569373290509848,0.11654858415725766,0.04160054033376547,0.7198981309378116,0.02994815123228081
13.365,0.7040075180931401,0.7040075180931401,0.7206568388011427,0.5073478324812406,0.704363650966547,0.3573573715964507,0.10359329902829958,0.03701982905575829,0.720850736468223,0.026685771038771084
13.37,0.7018415529725861,0.7018415529725861,0.7215629983065956,0.5064228952990566,0.7061625514139853,0.3576168838388394,0.09220377442468033,0.032973626487933456,0.7217393394239693,0.02379836339981379
13.375,0.6994917479454059,0.6994917479454059,0.722404869969898,0.5053162452195176,0.7078941584421072,0.3577104181567959,0.08246451497998276,0.02949841613658699,0.7225635000833796,0.02131447881056834
13.38,0.6969475460142731,0.6969475460142731,0.7231819282942873,0.5040198702465736,0.7095594593691003,0.3576320666434428,0.07442714902747952,0.026617535121077004,0.7233226600166991,0.019253066306865328
13.385,0.6941975730455989,0.6941975730455989,0.7238935265904785,0.5025251293025299,0.7111593313101693,0.35737543492134355,0.06810686748868795,0.02433972138990017,0.7240161385209326,0.017622351093390866
13.39,0.6912295782642585,0.6912295782642585,0.7245388930287529,0.5008227134643175,0.7126945431375115,0.3569336149653406,0.06348065420059898,0.022658379384184527,0.7246431285221402,0.01641923892419704
13.395,0.688030371662768,0.688030371662768,0.7251171261372105,0.49890260579522316,0.7141657570583584,0.3562991571661333,0.06048763407335911,0.021551693039311336,0.7252026919150785,0.01562934580743604
13.4,0.6845857586269593,0.6845857586269593,0.7256271897133488,0.49675404015026137,0.7155735298137649,0.3554640419595712,0.059031613445879864,0.020983615918867427,0.7256937543061872,0.015227679015081978
13.405,0.6808804722484483,0.6808804722484483,0.7260679071120698,0.4943654594789086,0.7169183134990774,0.35441965146181564,0.05898561246882284,0.02090566021246192,0.7261150991219765,0.015179915537382146
13.41,0.6768981040093119,0.6768981040093119,0.7264379548691335,0.4917244743313186,0.7182004560051385,0.35315674169364003,0.06019795028134717,0.02125931197799631,0.7264653610405204,0.015444153751568148
13.415,0.6726210337977131,0.6726210337977131,0.7267358556144143,0.48881782250123296,0.7194202010773869,0.35166541615404745,0.0624992864815365,0.021978837589860564,0.726743018699175,0.015972966777554165
13.42,0.6680303605561548,0.6680303605561548,0.7269599702244973,0.48563133101896255,0.7205776879879737,0.3499351017201664,0.06570996951948442,0.022994224867829816,0.7269463866266286,0.01671556868094905
13.425,0.6631058352923362,0.6631058352923362,0.7271084891588943,0.4821498820518572,0.7216729508139194,0.347954528114947,0.06964709007399458,0.024234020361275994,0.7270736063419645,0.017619916580237534
13.43,0.6578257987113532,0.6578257987113532,0.7271794229184523,0.47835738468779176,0.7227059173121241,0.34571171250381916,0.07413076011313709,0.025627872027922435,0.7271226365578068,0.018634605878309028
13.435,0.6521671263770196,0.6521671263770196,0.7271705915584858,0.4742367550825751,0.7236764073797686,0.34319395116559714,0.07898930072796143,0.02710865021663666,0.7270912424182185,0.01971046216629526
13.44,0.6461051850983055,0.6461051850983055,0.7270796131827031,0.4697699080566147,0.7245841310861068,0.34038782063960243,0.08406318907041144,0.028614085723692197,0.7269769836955879,0.02080178173061674
13.445,0.6396138051854665,0.6396138051854665,0.7269038913368939,0.4649377639421136,0.7254286862591849,0.3372791912888105,0.08920776021760866,0.030087921222881172,0.7267772018634844,0.021867215196254525
13.45,0.6326652743497287,0.6326652743497287,0.7266406012140927,0.4597202753207658,0.7262095556081023,0.3338532568447278,0.09429476845660736,0.031480615552657874,0.7264890059550202,0.022870321099702568
13.455,0.6252303603475031,0.6252303603475031,0.7262866745748724,0.4540964792600372,0.7269261033587016,0.3300945842174043,0.09921298016870356,0.03274966743775778,0.7261092571082026,0.023779836693770994
13.46,0.6172783710071177,0.6172783710071177,0.7258387832782089,0.4480445817557612,0.7275775713772519,0.3259871886625933,0.10386800099417431,0.03385963763609433,0.7256345516912552,0.02456972297649566
13.465,0.6087772620240907,0.6087772620240907,0.7252933213095212,0.44154208231116937,0.7281630747534683,0.3215146402887501,0.10818154147467943,0.034781949393114055,0.7250612028921155,0.025219042065903963
13.47,0.5996938048542934,0.5996938048542934,0.7246463851833932,0.4345659479045389,0.7286815968105393,0.31666020883856505,0.11209030739845138,0.03549454014957257,0.7243852206470573,0.02571172029801396
13.475,0.5899938291320324,0.5899938291320324,0.7238937525890807,0.4270928469747878,0.7291319835060378,0.3114070546559677,0.11554467231539278,0.035981426086925394,0.7236022897739094,0.02603624230582989
13.48,0.5796425562141175,0.5796425562141175,0.7230308591373587,0.4190994554120681,0.7295129371833649,0.30573847468960647,0.1185072569869382,0.0362322279908357,0.7227077461658398,0.02618531182982372
13.485,0.5686050425729554,0.5686050425729554,0.722052773057686,0.41056284776438606,0.7298230096289484,0.299638213197236,0.12095150859276589,0.036241693918246505,0.7216965508921602,0.02615550549928788
13.49,0.5568467536360779,0.5568467536360779,0.7209541676853983,0.40146098779601463,0.7300605943855755,0.2930908473729787,0.12286034411066335,0.03600924236393007,0.7205632620434606,0.025946937141467025
13.495,0.5443342900165108,0.5443342900165108,0.7197292915700341,0.3917733329308608,0.7302239182670706,0.28608225824532274,0.12422489869671613,0.035538539549453,0.7193020041499679,0.02556294272248444
13.5,0.5310362885150167,0.5310362885150167,0.7183719360280545,0.3814815666816851,0.7303110320138894,0.2786001966575768,0.12504340137244457,0.03483711621309537,0.7179064349947257,0.025009789906040258
13.505,0.5169245193040852,0.5169245193040852,0.7168753999573121,0.3705704715238574,0.7303198000232096,0.27063495265781007,0.12532018650531745,0.03391602274193452,0.7163697096377493,0.02429641136370693
13.51,0.5019751977071171,0.5019751977071171,0.715232451726804,0.35902895136210855,0.7302478890806292,0.2621801338510117,0.12506483977179478,0.032789516431424484,0.7146844414643797,0.023434157236679708
13.515,0.48617052324020316,0.48617052324020316,0.7134352879547374,0.3468512072429797,0.7300927560136039,0.2532335538226727,0.12429147074005739,0.031474770845351475,0.7128426600717088,0.022436559374547815
13.52,0.46950044929962587,0.46950044929962587,0.7114754889921064,0.334038061747465,0.729851634179417,0.2437982252445123,0.12301810015361164,0.029991594490402184,0.7108357658127107,0.02131909803752931
13.525,0.451964673278249,0.451964673278249,0.7093439709390263,0.3205984160673528,0.7295215186924022,0.23388344337983386,0.12126614778110738,0.02836214420845319,0.708654480829751,0.020098960579259927
13.53,0.43357481834222217,0.43357481834222217,0.7070309340393066,0.30655080878842406,0.7290991502869311,0.22350593420741147,0.11906000578518051,0.026610617819756585,0.7062887964302383,0.01879478123218093
13.535,0.41435675428081137,0.41435675428081137,0.7045258073275793,0.29192502683132404,0.7285809977036293,0.21269102730342482,0.11642668253710158,0.024762910714345845,0.7037279166893933,0.017426351568172058
13.54,0.39435297599404234,0.39435297599404234,0.7018171894456017,0.2767636972616476,0.7279632384770887,0.20147379735148155,0.1133955023553723,0.022846222462115727,0.7009601982121829,0.016014292625444265
13.545,0.3736249253529215,0.3736249253529215,0.6988927856047089,0.26112376485125477,0.7272417379936704,0.18990010058187703,0.10999784755585437,0.02088860231464672,0.6979730860524376,0.014579682220876062
13.55,0.35225510745981176,0.35225510745981176,0.695739340753769,0.2450777362412375,0.7264120266780166,0.17802741507665773,0.10626693032144273,0.01891842691325775,0.6947530458770713,0.013143634721188582
13.555,0.33034881907377545,0.33034881907377545,0.6923425691232573,0.2287145501043718,0.7254692751569516,0.1659253788820669,0.10223758313724862,0.01696380971803479,0.6912854925838754,0.011726835557030814
13.56,0.30803527969530137,0.30803527969530137,0.6886870804630357,0.21213991745297173,0.7244082672394303,0.15367591001442302,0.09794605783935117,0.015051949570787603,0.6875547157400467,0.010349038908476388
13.565,0.2854679400596759,0.2854679400596759,0.6847563034835458,0.1954759713983261,0.7232233705416842,0.14137279089460725,0.0934298246649422,0.01320843506567669,0.6835438024151246,0.009028543928745912
13.57,0.2628237445661826,0.2628237445661826,0.6805324072579204,0.17886007557416506,0.7219085045779101,0.1291206096864375,0.08872736406016425,0.01145653134331891,0.6792345582480386,0.007781672006034028
13.575,0.24030114912648684,0.24030114912648684,0.6759962216597157,0.162442668869993,0.7204571061293548,0.11703297512600419,0.08387794539948656,0.009816485497558449,0.6746074279270471,0.006622274032791064
13.58,0.21811674834299238,0.21811674834299238,0.671127158312681,0.14638407349583465,0.7188620916989398,0.10522996126462703,0.07892138820079786,0.008304894623320552,0.6696414166901599,0.005561301401022865
13.585,0.1965004476703658,0.1965004476703658,0.6659031340342103,0.13085026394282193,0.7171158168559266,0.09383479391317034,0.07389780288602145,0.0069341851044459075,0.6643140149914427,0.004606476347428317
13.59,0.1756892256317682,0.1756892256317682,0.6603004993837673,0.11600768342100391,0.715210032276037,0.08296985900380449,0.068847309634468,0.005712251573163081,0.6586011291472802,0.0037620953360585326
13.595,0.1559196623243963,0.1559196623243963,0.6542939757062813,0.10201729575301015,0.7131358362889902,0.07275218952276415,0.0638097353952369,0.004642297962871707,0.6524770216017362,0.0030289927482023385
13.6,0.1374195526289449,0.1374195526289449,0.6478566050152381,0.08902816482890108,0.7108836237588805,0.06328866443017211,0.05882429064483756,0.003722910790964037,0.6459142654588363,0.0024046811889143114
13.605,0.120399060227349,0.120399060227349,0.6409597182193263,0.07717094771719331,0.7084430311458172,0.054671220117163806,0.05392922896647219,0.0029483767475749273,0.638883719151023,0.0018836699019490666
13.61,0.10504198227261638,0.10504198227261638,0.6335729285900891,0.06655175633336978,0.7058028776325251,0.04697242113159102,0.04916149394776153,0.002309234397172418,0.6313545285762068,0.0014579455941987531
13.615,0.09149776300925754,0.09149776300925754,0.6256641590224373,0.05724687094562139,0.7029511022508852,0.04024175103163873,0.04455635919465522,0.0017930259135875825,0.623294165766836,0.0011175825910078913
13.620000000000001,0.07987489826322794,0.07987489826322794,0.6171997135775231,0.04929876433009808,0.699874697015068,0.034502957748744637,0.040147068386468816,0.001385192604274295,0.6146685151715963,0.0008514342812959574
13.625,0.07023629871205649,0.07023629871205649,0.6081444060267738,0.04271381216176265,0.6965596361658447,0.029752717458653623,0.03596448319257541,0.0010700411069751933,0.605442020939056,0.0006478478502949256
13.63,0.06259702734489504,0.06259702734489504,0.5984617606275319,0.03746192719487564,0.6929908017614415,0.025960770962305618,0.03203674748052182,0.0008316986637190485,0.5955779111736994,0.0004953413528637479
13.635,0.056924609964636226,0.056924609964636226,0.5881143031109839,0.0334781773192166,0.6891519060230502,0.023071549709715772,0.02838897651984173,0.0006549776829854824,0.5850385179347006,0.0003831871729341308
13.64,0.05314186627278704,0.05314186627278704,0.5770639627620483,0.03066625593994533,0.685025411067425,0.021007164581159914,0.025042979790144665,0.0005260819980542305,0.5737857146581082,0.00030185833522231216
13.645,0.0511319620050322,0.0511319620050322,0.5652726093588831,0.028903497584223822,0.6805924469485192,0.019671502146217504,0.022017025517358943,0.000433107964718052,0.5617814955211897,0.00024331204014144592
13.65,0.05074517953873755,0.05074517953873755,0.5527027513636031,0.02804700034950026,0.6758327292989185,0.018955080794850483,0.019325654190839113,0.00036631933660069625,0.5489887237485555,0.00020110518508483372
13.655,0.051806776179237735,0.051806776179237735,0.5393184237385171,0.02794034886796065,0.6707244783289272,0.01874027591879114,0.016979547081916322,0.00031820139729121685,0.5353720775661788,0.00017035614315225983
13.66,0.054125260547647644,0.054125260547647644,0.5250862945706609,0.028420432503635882,0.6652443415268191,0.01890653190678866,0.014985454240527649,0.0002833229687362574,0.5208992228594869,0.00014758271423295918
13.665,0.05750046427720348,0.05750046427720348,0.5099770186044033,0.02932391534045722,0.6593673231328803,0.01933523156181248,0.01334618466190218,0.00025805157090458866,0.5055422398138674,0.00013045596914259275
13.67,0.06173089932083947,0.06173089932083947,0.49396686188592764,0.030493018618911218,0.6530667243596706,0.019913975785290795,0.0120606593782455,0.00024017567881302123,0.48927932593174495,0.0001175129942348343
13.675,0.06662004263137172,0.06662004263137172,0.4770396138949813,0.03178039941453676,0.646314099431544,0.020540120227181095,0.011124026241472927,0.00022848883641017137,0.4720967886640588,0.00010786884591482937
13.68,0.07198135080732569,0.07198135080732569,0.45918879050494105,0.03305302941612775,0.6390792338499092,0.021123504715677432,0.010527833226625797,0.00022238473480849558,0.45399132616785076,0.00010096074067519472
13.685,0.07764195363033688,0.07764195363033688,0.44042011155731087,0.03419507787940053,0.6313301528881814,0.021588383745625207,0.010260255302973424,0.0002215023288086763,0.4349725731166858,9.634743791324813e-05
13.69,0.08344509184665991,0.08344509184665991,0.4207542096064764,0.03510987366548122,0.6230331702100338,0.021874615895478542,0.010306368380511934,0.0002254478496010038,0.41506585899183396,9.357570535250242e-05
13.695,0.08925144458902412,0.08925144458902412,0.4002294908052785,0.03572106022150065,0.6141529887056323,0.0219381958947685,0.010648462615701544,0.00023360805884137947,0.39431508840360885,9.2115182373834e-05
13.7,0.09493953634736815,0.09493953634736815,0.37890502520138647,0.03597306741230748,0.6046528681565808,0.02175121838724175,0.011266386501042282,0.0002450576332192431,0.3727856073277139,9.13539586299277e-05
13.705,0.10040542799534626,0.10040542799534626,0.3568632935992846,0.03583101172966508,0.5944948771473848,0.021301352916293745,0.012137912692506017,0.0002585539619302319,0.3505668679076785,9.064045261900254e-05
13.71,0.10556188886857867,0.10556188886857867,0.3342125653597361,0.035280109682987046,0.5836402496746776,0.02059089202392857,0.013239116445398671,0.0002726052172194211,0.32777465207807077,8.935308022876265e-05
13.715,0.11033722524778405,0.11033722524778405,0.3110886323201799,0.034324656496336765,0.5720498700379479,0.01963541528782665,0.014544757807975343,0.0002855923598204551,0.30455256770426586,8.697788650004021e-05
13.72,0.114673911712842,0.114673911712842,0.2876555873638492,0.032986591429067756,0.5596849126136474,0.018462097541399877,0.016028659318416672,0.00029592267179447666,0.28107249982689475,8.317572511672727e-05
13.725,0.11852714093547212,0.11852714093547212,0.26410532320910574,0.03130364886581409,0.546507665686195,0.017107684069116363,0.01766407180556158,0.00030219135982373336,0.2575336955031565,7.782445764453016e-05
13.73,0.12186337808195573,0.12186337808195573,0.2406554498243031,0.029327086069422175,0.5324825701500365,0.015616162165257252,0.01942402193925742,0.00030332867650495856,0.2341601955908174,7.102750221870488e-05
13.735,0.12465898012647418,0.12465898012647418,0.21754539820045798,0.027118987470876803,0.517577503932305,0.014036177844347868,0.021281636341575136,0.00029871283250908535,0.2111964103517409,6.308707795191963e-05
13.74,0.12689891891705263,0.12689891891705263,0.19503060013990567,0.024749172313498,0.5017653405218009,0.012418276873515051,0.023210438287095174,0.0002882336490047823,0.18890077212697093,5.4447558849977703e-05
13.745000000000001,0.12857562989877233,0.12857562989877233,0.1733748062235821,0.02229177491877466,0.48502580390217187,0.010812086050384952,0.02518461422686558,0.00027229821616661973,0.16753758269763291,4.562018490943298e-05
13.75,0.129687995624694,0.129687995624694,0.15284081413794137,0.01982161883519601,0.4673476311371677,0.00926358660793272,0.027179248514361657,0.0002517773225513159,0.14736738892670248,3.7103766615343594e-05
13.755,0.13024046398000172,0.13024046398000172,0.1336801020157424,0.017410558511424253,0.4487310363797139,0.007812657964781054,0.02917052575163162,0.00022789934035033564,0.12863643980000442,2.9316159775436668e-05
13.76,0.13024229474096943,0.13024229474096943,0.1161220614446081,0.015124003752597611,0.4291904447467285,0.00649107789692856,0.03113590108105449,0.00020210555930818685,0.11156596438459693,2.2548101631706216e-05
13.765,0.1297069240421532,0.1297069240421532,0.10036366329998334,0.013017862052243177,0.40875743022522065,0.005321147839501338,0.03305423950538314,0.00017588649513042927,0.09634212491768473,1.6945278685189564e-05
13.77,0.1286514339635835,0.1286514339635835,0.08656043212531221,0.011136123717428855,0.38748374822672205,0.00431506695874583,0.03490592591926273,0.00015062140759864028,0.0831075108684253,1.2517770269021515e-05
13.775,0.12709611330261833,0.12709611330261833,0.07481953108800525,0.00950927160040989,0.36544430160595004,0.003475109118793087,0.03667294798134078,0.00012744249594298188,0.07195493345105651,9.1701163144138e-06
13.78,0.12506409529044007,0.12506409529044007,0.06519557074892662,0.008153625072658387,0.3427398219558847,0.0027945720056979733,0.0383389542564565,0.0001071409682928285,0.0629240634287354,6.741745084674068e-06
13.785,0.12258105826967633,0.12258105826967633,0.057689475948458815,0.0070716370127851215,0.3194989915017597,0.002259380893851363,0.03988929022645811,9.012510020695136e-05,0.05600115906066551,5.047110072047901e-06
13.79,0.1196749759647837,0.1196749759647837,0.052250420529834404,0.006253067821057773,0.2958796837420857,0.0018501557293123868,0.04131101482310871,7.643181075868352e-05,0.05112180386861829,3.9073320389287685e-06
13.795,0.11637590481083397,0.11637590481083397,0.048780523392080194,0.005676877546899385,0.2720689748411,0.0015445022544833742,0.04259290009645693,6.578483022396285e-05,0.04817626978791969,3.1692677288221278e-06
13.8,0.11271579676999227,0.11271579676999227,0.04714174218082408,0.005313619031037139,0.2482815862431993,0.0013192737617179525,0.04372541651584214,5.768579472953935e-05,0.04701688774255024,2.712206535138548e-06
13.805,0.10872832710552649,0.10872832710552649,0.04716423862385595,0.005128088764777716,0.22475647523248315,0.001152571155450738,0.04470070622715942,5.1520744625701134e-05,0.04746667503451723,2.445518442684506e-06
13.81,0.10444872767540254,0.10444872767540254,0.048655436350652184,0.005081998421317152,0.20175140353871676,0.0010253003142822782,0.04551254637576756,4.666402810286124e-05,0.049328445180862206,2.301863952190204e-06
13.815,0.09991361744366015,0.09991361744366015,0.05140904029136219,0.005136463184816873,0.17953548589929152,0.0009221774136899197,0.04615630436477741,4.2564301384595185e-05,0.0523936980166212,2.2301011530329317e-06
13.82,0.09516082309140476,0.09516082309140476,0.055213411982778585,0.005254153729966041,0.1583799401169938,0.0008321525531175012,0.04662888666618644,3.880234708829365e-05,0.056450728430852165,2.1904207579609322e-06
13.825,0.09022918384838274,0.09022918384838274,0.05985886445307244,0.005401016485691696,0.13854750305065494,0.0007482973480280079,0.04692868254827125,3.511660869731963e-05,0.06129156743532266,2.152351990071604e-06
13.83,0.08515833596900545,0.08515833596900545,0.06514362099705658,0.005547522363104901,0.12028120603348036,0.0006672626803319604,0.0470555038353722,3.13983816135613e-05,0.06671754784219994,2.094823027470427e-06
13.835,0.07998847364775769,0.07998847364775769,0.070878347634418,0.005669450841952252,0.10379337455933751,0.0005884514347845015,0.04701052158257672,2.7663408875235047e-05,0.07254344463866014,2.006798970257233e-06
13.84,0.07476008460505904,0.07476008460505904,0.07688930241900846,0.005748250754069042,0.08925578972598106,0.0005130646605973984,0.046796200332743204,2.4009476640966757e-05,0.07860026299264497,1.8871511782957532e-06
13.845,0.06951366006396552,0.06951366006396552,0.08302023878162264,0.0057710406570949625,0.07679189607607949,0.00044316915439046584,0.0464162304305485,2.0570241589899186e-05,0.08473682983270198,1.7430570612208563e-06
13.85,0.06428938035753676,0.06428938035753676,0.08913325533026381,0.005730321754432771,0.0664717588144583,0.00038090456558989864,0.04587545870010572,1.7474171667401105e-05,0.09082039038116876,1.587011092420927e-06
13.855,0.059126778922227195,0.059126778922227195,0.09510880670324152,0.0056234773874994015,0.05831018674223791,0.0003279060166058423,0.04517981765068093,1.4814734036813108e-05,0.09673642549043962,1.433124415312851e-06
13.86,0.05406438890000491,0.05406438890000491,0.10084508729366416,0.005452128018099603,0.05226809260471245,0.0002849723321427774,0.04433625325975685,1.2634605489905725e-05,0.10238789751685955,1.2936306920664183e-06
13.865,0.049139377937626766,0.049139377937626766,0.10625698037745965,0.005221401917278981,0.04825681900457557,0.0002519682472722756,0.043352651294201835,1.0923491561206187e-05,0.1076941100197982,1.1763957019928764e-06
13.870000000000001,0.04438717797716804,0.04438717797716804,0.11127473679519018,0.004939171546490636,0.046144872309574016,0.00022791744032789161,0.04223776206817728,9.62672261575748e-06,0.112589336789962,1.0838663147690628e-06
13.875,0.03984111781648797,0.03984111781648797,0.11584251562203615,0.00461529531305589,0.045766320165375525,0.00021122508295507293,0.04100112349976545,8.660465712489148e-06,0.11702134386062729,1.0134593361343653e-06
13.88,0.035532066924191655,0.035532066924191655,0.11991688820172354,0.004260894896924449,0.04693003787380748,0.0001999639588889774,0.03965298231601449,7.92916732566487e-06,0.12094989776947061,9.590319774361926e-07
13.885,0.03148809937077962,0.03148809937077962,0.12346537894089507,0.0038876901209418655,0.04942902836786325,0.00019216474527349717,0.038204213266673843,7.34150291076474e-06,0.12434532646509067,9.12881576183455e-07
13.89,0.027734186748752228,0.027734186748752228,0.12646509255168176,0.0035074064940265764,0.05304916455951573,0.00018606498427872997,0.03666623623859862,6.822302669295051e-06,0.12718717680854186,8.677094158410168e-07
13.895,0.024291928580054693,0.024291928580054693,0.128901458314002,0.0031312650192286333,0.057576876669709454,0.0001802884598323024,0.03505093121367368,6.319278404201202e-06,0.12946299474869197,8.181127068586228e-07
13.9,0.021179327949663623,0.021179327949663623,0.13076710717995516,0.0027695594479930827,0.06280549567694653,0.00017394355393797597,0.033370551080748045,5.80459225185408e-06,0.131167240621701,7.613723486098053e-07
13.905,0.0184106189832597,0.0184106189832597,0.1320608866346864,0.0024313226664226645,0.0685401387142869,0.0001666431928157993,0.03163763239409667,5.27219607528483e-06,0.13230034206514965,6.975133441947224e-07
13.91,0.015996151349993083,0.015996151349993083,0.13278701051445868,0.002124081117502404,0.07460116459401474,0.0001584589250578356,0.029864904264195507,4.732360626659591e-06,0.13286788008856087,6.287787242788333e-07
13.915,0.013942335285113093,0.013942335285113093,0.13295433580721924,0.001853693927433768,0.08082632940466004,0.00014982727599417971,0.028065195668285678,4.204931817222895e-06,0.1328798992586127,5.587509162619136e-07
13.92,0.012251648773784332,0.012251648773784332,0.13257575522514697,0.0016242715889377038,0.08707183342816238,0.0001414283052340804,0.026251341574586487,3.7126827490147223e-06,0.13235033016321696,4.913747876233784e-07
13.925,0.01092270661093544,0.01092270661093544,0.13166769253129568,0.0014381675756581982,0.09321247708404799,0.00013405516218906066,0.02443608838173047,3.275783791279099e-06,0.13129651082899124,4.3009898202511017e-07
13.93,0.009950389149985384,0.009950389149985384,0.13024968680962679,0.0012960350704195047,0.09914114350861827,0.0001284903989086623,0.02263199928006886,2.907994615596606e-06,0.1297387931940187,3.77279712042208e-07
13.935,0.009326026771284197,0.009326026771284197,0.12834405176789476,0.0011969400627224714,0.10476780744696325,0.000125400786016864,0.02085136024009071,2.6147769636281612e-06,0.1277002207844072,3.339075955572981e-07
13.94,0.00903763452463174,0.00903763452463174,0.12597559651679024,0.0011385214003412215,0.11001824211907166,0.000125258123080485,0.019106087421595568,2.3931926498407244e-06,0.12520626419022474,2.996427111740617e-07
13.945,0.009070190099723232,0.009070190099723232,0.12317139490577564,0.0011171879666434668,0.11483256369207578,0.00012828955833560655,0.017407636871515166,2.2332180459133003e-06,0.12228460162978348,2.730881790969515e-07
13.95,0.009405947304464814,0.009405947304464814,0.11996059130100725,0.0011283430003897145,0.11916372120646514,0.00013445755072370632,0.015766917435203854,2.119981100800412e-06,0.11896493272883962,2.5220340904313237e-07
13.955,0.010024776612314396,0.010024776612314396,0.11637423159116689,0.001166625675131189,0.12297601089484904,0.0001434669717351437,0.014194207842398485,2.0364000153281387e-06,0.11527881456056979,2.34753779738154e-07
13.96,0.010904524081924686,0.010904524081924686,0.11244510916316922,0.0012261604007644288,0.12624366913673987,0.00015479498794267692,0.012699078942609701,1.9657537718043713e-06,0.11125950996069642,2.18708801354345e-07
13.965,0.012021380039938254,0.012021380039938254,0.10820761658437278,0.0013008048821766705,0.12894957823313416,0.00016773824092028344,0.011290322053471632,1.8938187606728138e-06,0.10694183913753516,2.0252846125951825e-07
13.97,0.01335024931696564,0.01335024931696564,0.10369759476006377,0.0013843887436165209,0.13108410359053604,0.00018147135747780007,0.009975884348779423,1.8103372748145414e-06,0.10236202664140076,1.8530979235448694e-07
13.975,0.014865115489546466,0.014865115489546466,0.09895217241268178,0.0014709354708560285,0.13264406927742506,0.00019511086649884888,0.008762812150309818,1.70971987161359e-06,0.09755753685111967,1.667960593800344e-07
13.98,0.016539392449858352,0.016539392449858352,0.09400958986429761,0.0015548615008158441,0.13363187061513288,0.0002077790509014742,0.007657202899983522,1.591006351118592e-06,0.09256689228963966,1.4727451353612731e-07
13.985,0.018346257637950544,0.018346257637950544,0.08890900230861254,0.0016311474626869453,0.13405471682666548,0.00021866301121303234,0.006664166478237257,1.4572067093563077e-06,0.08742947030738346,1.2740281072738726e-07
13.99,0.020258962366681378,0.020258962366681378,0.08369025904020197,0.0016954778083532677,0.13392399317780646,0.00022706515843902525,0.00578779640321731,1.314206907309359e-06,0.0821852749762857,1.0800845605295366e-07
13.995000000000001,0.022251115789006022,0.022251115789006022,0.07839365646839608,0.0017443463272018421,0.13325472997571158,0.00023244239881540572,0.005031151297194558,1.1694528763231432e-06,0.07687468241850273,8.990131847074619e-08
14.0,0.024296940150181585,0.024296940150181585,0.07305966417169191,0.0017751262877719642,0.13206516480901148,0.0002344323457514132,0.004396246845428898,1.030622460476147e-06,0.07153815923932498,7.372883369316752e-08
14.005,0.02637149599145024,0.02637149599145024,0.06772862472701967,0.0017861051554950368,0.13037638418113698,0.00023286593194073033,0.003884058303409879,9.044648565356734e-07,0.06621595522141087,5.989000443970595e-08
14.01,0.028450876895081717,0.028450876895081717,0.06244042954517671,0.0017764849742658458,0.12821203095056588,0.00022776674650378786,0.003494533435883372,7.959385112398588e-07,0.06094777293306515,4.851067965172884e-08
14.015,0.0305123741612699,0.0305123741612699,0.05723417441745264,0.0017463505446366967,0.12559806456410783,0.0002193382484568447,0.003226615600480583,7.077202142529413e-07,0.05577241836153337,3.947126787222907e-08
14.02,0.032534612472981575,0.032534612472981575,0.05214779987750441,0.001696608460333202,0.1225625618261198,0.00020794067931430597,0.003078276525188254,6.400989117649269e-07,0.050727438050093464,3.247057789248757e-08
14.025,0.03449765813168007,0.03449765813168007,0.04721772274816095,0.0016289008571225094,0.11913554680668843,0.00019405999430717363,0.0030465581769213807,5.912150624698364e-07,0.04584874943459509,2.7106471261138014e-08
14.03,0.036383101837924745,0.036383101837924745,0.042478466313962265,0.001545498365819745,0.11534883940888464,0.0001782714428056354,0.0031276229824064436,5.575658616256611e-07,0.041170272080174326,2.2955138225745296e-08
14.035,0.038174118255015696,0.038174118255015696,0.03796229737614892,0.0014491772292691807,0.11123591306742664,0.0001612005522942808,0.003316811545878536,5.346718530516673e-07,0.036723568252471965,1.9635058288218566e-08
14.04,0.03985550474341197,0.03985550474341197,0.03369887895419447,0.0013430858300065634,0.10683175303467563,0.00014348421369563352,0.0036087069135230434,5.177924739448504e-07,0.032537501669342245,1.684767348535342e-08
14.045,0.041413701703904134,0.041413701703904134,0.029714947553691473,0.0012306059741357346,0.10217270773125367,0.00012573434452770512,0.003997204363955105,5.025858706451775e-07,0.02863792332972503,1.4393015630139696e-08
14.05,0.04283679693425947,0.04283679693425947,0.02603402369895575,0.0011152141865738662,0.09729632671071131,0.00010850624384931104,0.0044755856582605015,4.856289888036933e-07,0.025047392985750483,1.2163740127838728e-08
14.055,0.044114516303956484,0.044114516303956484,0.022676163822532312,0.0010003479986602898,0.092241179923639,9.227327973067599e-05,0.005036596662238739,4.6474329270534413e-07,0.02178494411086419,1.0124406657484919e-08
14.06,0.045238202900027176,0.045238202900027176,0.019657760629122317,0.0008892817639004012,0.08704665417794398,7.740900216899025e-05,0.005672527256626227,4.39104674711836e-07,0.018865899143385663,8.284104506502667e-09
14.065,0.04620078660860402,0.04620078660860402,0.016991397745542113,0.0007850159414237066,0.0817527239833361,6.417719158173104e-05,0.006375292476659746,4.0914836666416106e-07,0.01630174039484115,6.669830456332433e-09
14.07,0.046996745884276936,0.046996745884276936,0.014685762890276859,0.0006901830666710859,0.07639969533644955,5.272977602004741e-05,0.00713651386810577,3.763067778291794e-07,0.014100040370211744,5.305940758975732e-09
14.075,0.04762206323397955,0.04762206323397955,0.012745622022343387,0.0006069728179044391,0.07102792243477647,4.31120182301342e-05,0.007947600110071259,3.426370808312087e-07,0.012264453433416797,4.202256522416226e-09
14.08,0.04807417571323548,0.04807417571323548,0.01117185504838624,0.000537077722638917,0.06567749877802082,3.527392147231967e-05,0.008799826032483148,3.1040437243988497e-07,0.010794768857043528,3.3507434527042104e-09
14.085,0.0483519215077953,0.0483519215077953,0.009961551774438391,0.00048166016949348405,0.060387925588396174,2.9086458474266804e-05,0.009684409244697585,2.8168516734370185e-07,0.00968702341663399,2.728690812176904e-09
14.09,0.048455483459087165,0.048455483459087165,0.009108164979120127,0.0004413405374883923,0.05519776191029488,2.436100990964585e-05,0.010592583688037388,2.580460361930318e-07,0.00893366991964918,2.3052981114223916e-09
14.095,0.048386330192124606,0.048386330192124606,0.008601715845699524,0.0004162054631288475,0.05014426207970017,2.0870315822135915e-05,0.0115156695258237,2.4033565990728676e-07,0.008523796482045303,2.0485722524277672e-09
14.1,0.048147155322981736,0.048147155322981736,0.008429045595493196,0.000405834567510706,0.04526300742483389,1.8369293042491338e-05,0.012445138886630853,2.2860840316302654e-07,0.008443390050568461,1.9302299167430416e-09
14.105,0.04774181506214255,0.04774181506214255,0.008574106070871095,0.0004093433863587215,0.04058754001023236,1.6614241071758612e-05,0.013372677077299944,2.2217688073704165e-07,0.008675636667160896,1.927525893117712e-09
14.11,0.0471752643914308,0.0471752643914308,0.009018281258250334,0.00042543980271424474,0.03614900690981576,1.537922636802789e-05,0.014290238979259564,2.1977282011524863e-07,0.009201250312682345,2.0221847298045123e-09
14.115,0.046453491876861125,0.046453491876861125,0.009740731333598002,0.00045249098387998145,0.03197582384107563,1.446877199022128e-05,0.015190100432907853,2.197820996723053e-07,0.009998821858056277,2.1975620622129493e-09
14.120000000000001,0.0455834530878613,0.0455834530878613,0.010718750747817182,0.0004885976718736028,0.028093366977662383,1.3726353700376593e-05,0.016064904498633095,2.2051256131100896e-07,0.011045179679084565,2.4356008611752452e-09
14.125,0.04457300252492939,0.04457300252492939,0.011928132120989591,0.0005316726631465604,0.02452370136330485,1.3038581614039224e-05,0.016907702558326097,2.204524597126346e-07,0.012315753825837262,2.7150382241211144e-09
14.13,0.043430823912414845,0.043430823912414845,0.013343528241680273,0.0005795204254347504,0.02128535358019827,1.233529716232559e-05,0.017711990287160195,2.1848266352834554e-07,0.013784936234118705,3.0117695849986558e-09
14.135,0.04216635869007454,0.04216635869007454,0.014938805218671625,0.0006299150192516651,0.018393135204518837,1.1586112116452963e-05,0.018471738581676625,2.1401563419311522e-07,0.015426430271092032,3.3014972578036316e-09
14.14,0.04078973253530981,0.04078973253530981,0.01668738074966112,0.0006806737974935548,0.015858022158466184,1.0794140163340117e-05,0.019181419576701674,2.0704693144275394e-07,0.017213583860872704,3.5640197175262066e-09
14.145,0.039311679766389857,0.039311679766389857,0.018562542495123575,0.0007297247262183014,0.013687093408443967,9.98781049020109e-06,0.019836027920609383,1.9811848774938412e-07,0.019119701479549958,3.7879663433481e-09
14.15,0.0377434655138588,0.0377434655138588,0.020537742618600408,0.0007751655802576527,0.011883530644496638,9.211703927550834e-06,0.020431097506433522,1.8820522114418774e-07,0.021118331386759268,3.9745802288412686e-09
14.155,0.03609680560116364,0.03609680560116364,0.02258686562524887,0.000815313697614214,0.01044667869839501,8.51732023737608e-06,0.020962713875968937,1.7854614712611457e-07,0.023183525522787768,4.139329158893697e-09
14.16,0.034383784144013815,0.034383784144013815,0.024684467654814538,0.000848745407553034,0.00937216461099233,7.954581672410808e-06,0.021427522526160286,1.7044697797176436e-07,0.025290070504817165,4.3106160902389385e-09
14.165,0.03261676895911696,0.03261676895911696,0.026805986328002313,0.0008743246627816994,0.008652071534670893,7.564719526914269e-06,0.02182273335261465,1.6508285712316733e-07,0.027413689070887544,4.525530116108262e-09
14.17,0.030808324963741928,0.030808324963741928,0.028927921081475676,0.0008912207932035834,0.008275162134320752,7.374996561237598e-06,0.022146121465046534,1.6332756964946835e-07,0.029531212122936988,4.823261104842215e-09
14.175,0.02897112584557266,0.02897112584557266,0.031027984639896533,0.000898915647736938,0.00822714489617132,7.395509283367486e-06,0.0223960246048018,1.6563000787533833e-07,0.03162072219698231,5.237340466510065e-09
14.18,0.027117864383977314,0.027117864383977314,0.03308522685615574,0.0008972006949983554,0.008490975814080738,7.618109401607465e-06,0.022571337386370197,1.7195091754996088e-07,0.0336616697338577,5.7881549970005795e-09
14.185,0.025261161906228725,0.025261161906228725,0.0350801326025347,0.000886164909364602,0.009047187323126236,8.017299934202737e-06,0.022671502573883787,1.8176423609387568e-07,0.03563496393916733,6.477161998635557e-09
14.19,0.023413477461516195,0.023413477461516195,0.03699469572161609,0.0008661744744737079,0.009874236094496202,8.552811259979566e-06,0.02269649959097151,1.9411887726378273e-07,0.03752304031308075,7.283930457098893e-09
14.195,0.021587017388478576,0.021587017388478576,0.03881247125605342,0.0008378454918942501,0.010948861378129508,9.173454147040875e-06,0.022646830448800424,2.077496606978798e-07,0.039309907110263984,8.166619864222515e-09
14.2,0.019793646034898405,0.019793646034898405,0.04051860828360862,0.0008020109901924514,0.012246445947741345,9.821784240886371e-06,0.022523503263455237,2.212209894025574e-07,0.04098117307080944,9.065895653601906e-09
14.205,0.01804479845768329,0.01804479845768329,0.04209986570289678,0.0007596835917043056,0.013741372321426523,1.0439095080087432e-05,0.02232801352065799,2.330842560916265e-07,0.04252405875961752,9.911688601982062e-09
14.21,0.016351395984378927,0.016351395984378927,0.04354461326101887,0.0007120152144175573,0.01540736774593866,1.097028024923467e-05,0.022062323233783303,2.4202986882380413e-07,0.043927393779345014,1.0631741354186464e-08
14.215,0.01472376555138229,0.01472376555138229,0.04484282000204114,0.00066025516837289,0.017217832386217907,1.1368162821178502e-05,0.021728838130673542,2.470169697845287e-07,0.04518160199578791,1.1160622415010145e-08
14.22,0.013171563746663135,0.013171563746663135,0.045986032159061996,0.000605707954039186,0.01914614619585208,1.1596973040024708e-05,0.021330382996265794,2.4736787654109587e-07,0.046278676748225986,1.1447857996340449e-08
14.225,0.01170370647463288,0.01170370647463288,0.04696734232552759,0.0005496919884715761,0.021165951004992127,1.1634753695826078e-05,0.02087017529182693,2.428193491091214e-07,0.04721214782342679,1.1464023004528116e-08
14.23,0.010328305126916081,0.010328305126916081,0.047781351534909956,0.0004935003780289901,0.02325140540205027,1.147457735561711e-05,0.02035179716781871,2.3352827092796504e-07,0.04797704176169661,1.1203995606847778e-08
14.235,0.00905261008531751,0.00905261008531751,0.048424125661650844,0.0004383647283373429,0.025377410964732137,1.1124561863459911e-05,0.019779165986214507,2.2003455562128535e-07,0.04856983684588208,1.0687042466981994e-08
14.24,0.00788296230291544,0.00788296230291544,0.04889314733866202,0.00038542283734156307,0.0275198092844531,1.0606762977512604e-05,0.019156503469437584,2.031884917782223e-07,0.04898841390742534,9.953881936457044e-09
14.245000000000001,0.006824753607707432,0.006824753607707432,0.04918726437426424,0.00033569095999151915,0.02965555000455604,9.955100050105916e-06,0.018488303596959656,1.8405291206446647e-07,0.049232003873589295,9.061293679703203e-09
14.25,0.005882396252934491,0.005882396252934491,0.049306635449528916,0.0002900411676131158,0.0317628307449381,9.21252851595962e-06,0.017779299376791194,1.63792302502472e-07,0.04930113278177978,8.075146054307812e-09
14.255,0.005059302102349966,0.005059302102349966,0.04925267368958117,0.00024918415554405485,0.03382121030892901,8.427709730308358e-06,0.017034428627405597,1.435612198934294e-07,0.049197564804149496,7.062862419069749e-09
14.26,0.004357871690957016,0.004357871690957016,0.04902798853245502,0.00021365768329015093,0.03581169696467886,7.651444208162216e-06,0.016258798915786007,1.2440329279586496e-07,0.048924243661068734,6.086337008984174e-09
14.265,0.0037794932462881957,0.0037794932462881957,0.048636326168673236,0.00018382066627877034,0.03771681387005614,6.933129855506086e-06,0.015457651808825579,1.0716990725178628e-07,0.048485232657439675,5.196157886979089e-09
14.27,0.00332455159673409,0.00332455159673409,0.04808250869518377,0.00015985278105755396,0.03952064387779368,6.317484833050513e-06,0.014636326607964342,9.246477135738839e-08,0.04788565345242546,4.427735997777656e-09
14.275,0.002992446736108461,0.002992446736108461,0.047372372019379216,0.00014175930003110712,0.041208856029956636,5.84173858588932e-06,0.013800223750101634,8.061729957487493e-08,0.04713162357149851,3.799624216913733e-09
14.28,0.002781621662244494,0.002781621662244494,0.046512702463006775,0.00012938074074063247,0.04276871604196586,5.533448162035314e-06,0.012954768071104262,7.168453757264565e-08,0.0462301925900771,3.3139899777140264e-09
14.285,0.0026895989659801956,0.0026895989659801956,0.0455111719517088,0.00012240680102186286,0.04418908300149495,5.409044290302574e-06,0.012105372141036182,6.547849406145962e-08,0.04518927686019128,2.9589257965316893e-09
14.29,0.0027130255192700566,0.0027130255192700566,0.04437627163342126,0.0001203939573915318,0.045460394380848285,5.47315678409008e-06,0.011257399892113985,6.161351459073859e-08,0.04401759261515033,2.712078584842752e-09
14.295,0.0028477245004849628,0.0028477245004849628,0.04311724374719712,0.00012278603141227531,0.04657464129641174,5.718715369236667e-06,0.010416130770724893,5.9566887126523416e-08,0.04272458727142131,2.5449706675240524e-09
14.3,0.003088753903733881,0.003088753903733881,0.041744011562420295,0.00012893697867093795,0.04752533575757103,6.127773202903101e-06,0.009586724653234013,5.8745274433697905e-08,0.04132036875086187,2.4273764019709754e-09
14.305,0.003430470608990606,0.003430470608990606,0.0402671072256431,0.00013813512784664191,0.048307471440695776,6.672958743408514e-06,0.0087741877711927,5.8549793004088385e-08,0.03981563266900014,2.3311970510967772e-09
14.31,0.003866599041880323,0.003866599041880323,0.03869759738720392,0.00014962809298043318,0.04891747931038391,7.31942914262254e-06,0.007983339894574303,5.843349067980831e-08,0.038221587274731766,2.2334207637855185e-09
14.315,0.004390303426317318,0.004390303426317318,0.0370470065306793,0.00016264759970644138,0.0493531791976028,8.02717613437197e-06,0.007218783021427859,5.7946442788815284e-08,0.0365498760820684,2.1179353033278646e-09
14.32,0.00499426262922361,0.00499426262922361,0.0353272379933073,0.00017643350450366314,0.04961372823868446,8.753523944643453e-06,0.006484871818547382,5.6765480741598045e-08,0.034812498203366,1.9761481963300894e-09
14.325,0.005670746613006482,0.005670746613006482,0.0335504927427516,0.0001902563430856572,0.04969956688492612,9.455657848467071e-06,0.005785686050272355,5.4707467710024244e-08,0.03302172647379542,1.8065350347944158e-09
14.33,0.006411693546550409,0.006411693546550409,0.031729186062412984,0.0002034378175136705,0.04961236301347941,1.00930308531582e-05,0.00512500522115223,5.1726835819686324e-08,0.031190023546013558,1.613361227176794e-09
14.335,0.007208786676848671,0.007208786676848671,0.029875862391523563,0.00021536871876737934,0.0493549545087244,1.0629513317366267e-05,0.00450628564304837,4.789962325463906e-08,0.029329956229556975,1.4048938534708332e-09
14.34,0.008053530128494576,0.008053530128494576,0.0280031086643377,0.00022552387931975117,0.04893129054132589,1.1035174463001661e-05,0.003932640118292024,4.3397369805551974e-08,0.027454108448251913,1.191436097010517e-09
14.345,0.008937322874230366,0.008937322874230366,0.026123466591997987,0.0002334738555268564,0.048346371650654064,1.1287613790012513e-05,0.003406820408058654,3.845487301809892e-08,0.025574993287893324,9.8348311932467e-10
14.35,0.009851530203688931,0.009851530203688931,0.024249344427660524,0.00023889314904875351,0.047606188635940676,1.1372792317448852e-05,0.0029312026294355245,3.333595874493021e-08,0.023704964702278904,7.902277253651963e-10
14.355,0.010787552106593101,0.010787552106593101,0.02239292884696621,0.00024156488675587974,0.046717660182518356,1.1285346291489719e-05,0.002507775696117529,2.8301117152068e-08,0.021856129534936958,6.185528824590243e-10
14.36,0.011736888078119392,0.011736888078119392,0.020566097658633695,0.00024138198642305696,0.045688569091714544,1.102839756418514e-05,0.0021381328868201,2.3580179520910933e-08,0.02004026059344985,4.725529424393845e-10
14.365,0.012691197945550417,0.012691197945550417,0.01878033413049781,0.00023834493793372418,0.04452749694593114,1.061290349592205e-05,0.0018234665928364602,1.935227497781114e-08,0.01826871157976232,3.53541129981883e-10
14.370000000000001,0.01364235840434139,0.01364235840434139,0.017046643771902036,0.00023255642392742157,0.043243757023565005,1.0056613490586597e-05,0.0015645662623283846,1.5734238180648282e-08,0.016552334730567754,2.6043837709656974e-10
14.375,0.014582515036548283,0.014582515036548283,0.015375474451160342,0.00022421308737810965,0.041847325280773215,9.382717999718182e-06,0.0013618195245713395,1.2777568565563164e-08,0.014901402054131912,1.9040368646969428e-10
14.38,0.0155041296635277,0.0155041296635277,0.013776640744823843,0.0002135948244355877,0.0403487692376219,8.618288281501892e-06,0.0012152164431194332,1.0473085631224622e-08,0.013325531061801222,1.3955942789178775e-10
14.385,0.016400022956819305,0.016400022956819305,0.012259253411985516,0.00020105203739002785,0.03875917464353716,7.792611029639052e-06,0.001124356813388906,8.761675305264206e-09,0.011833615882540687,1.0368230005003902e-10
14.39,0.017263412295268506,0.017263412295268506,0.010831654860990199,0.00018699132370532308,0.03709006984964746,6.9355212575084725e-06,0.001088460388102572,7.54904015964131e-09,0.010433764616315499,7.87649081048102e-11
14.395,0.01808794491221835,0.01808794491221835,0.009501361427452119,0.00017186010209083023,0.035353347881801674,6.075829976219072e-06,0.0011063798840002781,6.72217606429467e-09,0.009133243727212699,6.139527237243864e-11
14.4,0.018867726423821896,0.018867726423821896,0.008275013211969058,0.0001561306854369439,0.03356118628563487,5.239931018853133e-06,0.001176616595724141,6.165389797232303e-09,0.007938430200416104,4.894351656368623e-11
14.405,0.019597344868218056,0.019597344868218056,0.007158332134780119,0.00014028430352653357,0.03172596490179708,4.450654889955852e-06,0.0012973384183128465,5.774005575391661e-09,0.006854772090346047,3.957949226769722e-11
14.41,0.020271890415793345,0.020271890415793345,0.006156088754886641,0.00012479555662895967,0.029860181822653858,3.7264180116000316e-06,0.0014664000586566495,5.464419590789482e-09,0.005886757972582593,3.2167715591616495e-11
14.415,0.020886970933466083,0.020886970933466083,0.005272078275667167,0.00011011774570281811,0.027976367878690067,3.080694563754082e-06,0.001681365198871263,5.179772627848001e-09,0.005037895682683698,2.6095154159118637e-11
14.42,0.021438723601536328,0.021438723601536328,0.004509106021148751,9.66694776774313e-05,0.02608700010036398,2.5218166738732837e-06,0.001939530361034047,4.89114000393913e-09,0.004310700584173974,2.1084240072257097e-11
14.425,0.021923822790845947,0.021923822790845947,0.0038689825206833306,8.482288716434181e-05,0.024204414696192646,2.0530883366540855e-06,0.0022379502131845167,4.5947094807016554e-09,0.003706693459784914,1.7031179581728566e-11
14.43,0.022339484411616678,0.022339484411616678,0.003352528188943717,7.489375121641366e-05,0.022340720177050126,1.673180338935505e-06,0.0025734640509265973,4.305869452967702e-09,0.0032264079686581846,1.3892491515056852e-11
14.435,0.02268346694422035,0.02268346694422035,0.0029595874372186524,6.713370380067912e-05,0.020507711336884164,1.3767586185202107e-06,0.0029427231872818788,4.051419510009591e-09,0.0028694074619884822,1.162517337366724e-11
14.44,0.022954069357141012,0.022954069357141012,0.002689051905165509,6.172468393612127e-05,0.018716784868147564,1.1552876302867857e-06,0.003342218985453897,3.861224251604538e-09,0.00263431080467665,1.0171664765281345e-11
14.445,0.023150126109385258,0.023150126109385258,0.002538892363500979,5.877567839320286e-05,0.016978857443300792,9.979438645714858e-07,0.003768311274640185,3.760563116322728e-09,0.0025188267149191387,9.472206840533255e-12
14.45,0.02327099942437212,0.02327099942437212,0.0025061987113059285,5.8321748768162415e-05,0.015304287129348464,8.925727890336827e-07,0.004217256897619863,3.764208751180097e-09,0.00251979601087491,9.485038195324035e-12
14.455,0.023316569010699638,0.023316569010699638,0.002587227379781044,6.032526574703631e-05,0.01370279901827444,8.266249922556338e-07,0.004685238150241597,3.8729349496592604e-09,0.0026332410465569316,1.0198371280087668e-11
14.46,0.023287219392823848,0.023287219392823848,0.002777455360057488,6.467921232343327e-05,0.012183415951195875,7.880137471321017e-07,0.005168390886678696,4.072763069255085e-09,0.002854421530333494,1.1625382592828837e-11
14.465,0.02318382500228095,0.02318382500228095,0.0030716399978635667,7.121236418047557e-05,0.010754395186905241,7.658459065906496e-07,0.005662832080048423,4.336856768215299e-09,0.0031778958505167655,1.3782079127996949e-11
14.47,0.02300773316818324,0.02300773316818324,0.0034638836436562325,7.969611059887692e-05,0.009423171816412813,7.509901432730555e-07,0.006164686645225371,4.629618906931294e-09,0.0035975869844274066,1.665545672243506e-11
14.475,0.022760745134838375,0.022760745134838375,0.00394770221364341,8.985264395297493e-05,0.008196309654505459,7.364600931146101e-07,0.006670113349020493,4.912272298104636e-09,0.004106852040237493,2.0173975509673144e-11
14.48,0.02244509522490515,0.02244509522490515,0.004516096704678447,0.00010136422058138809,0.007079460248688083,7.176039702451875e-07,0.007175329651936305,5.149045046047512e-09,0.0046985544743512655,2.4193068639742752e-11
14.485,0.02206342825882108,0.02206342825882108,0.005161626713346496,0.00011388318068873486,0.006077330537337941,6.921057316888228e-07,0.0076766353450238595,5.313043322376017e-09,0.005365138039948333,2.8505210836773043e-11
14.49,0.02161877533560221,0.02161877533560221,0.005876485035201103,0.0001270424097390411,0.005193659565089517,6.598150265131924e-07,0.008170434864647986,5.390975696842022e-09,0.006098701552956198,3.287795185427956e-11
14.495000000000001,0.021114528076690196,0.021114528076690196,0.006652572462054581,0.00014046592803226748,0.004431204527888455,6.224332563106376e-07,0.00865325818684425,5.386075670934151e-09,0.006891073608025083,3.7115843906800315e-11
14.5,0.02055441143338954,0.02055441143338954,0.007481571951205575,0.00015377930805358635,0.0037917362763833567,5.830905809039146e-07,0.009121780221201695,5.318824128058335e-09,0.007733886436717146,4.1135181783274256e-11
